Artist Name,Language,Genre,Sub Genre,Role
Wiz Khalifa,American/Canadian,Hip Hop,,
T-Pain,American/Canadian,Hip Hop,,
Offset,American/Canadian,Hip Hop,Rock,
YG,American/Canadian,Hip Hop,,
Migos,American/Canadian,Hip Hop,,
Tory Lanez,American/Canadian,Hip Hop,Classical,
Lil Baby,American/Canadian,Hip Hop,,
Tyga,American/Canadian,Hip Hop,,
Mustard,American/Canadian,Hip Hop,,
Young Thug,American/Canadian,Hip Hop,Classical,
DaBaby,American/Canadian,Hip Hop,Classical,
Soulja Boy,American/Canadian,Hip Hop,,
The Game,American/Canadian,Hip Hop,,
Mark Ronson,,Soul,Classical,
Paloma Faith,British,Soul,,
Adele,British,Soul,,
John Legend,,Soul,,
John Legend,,Soul,R&B,
Adele,,Soul,,
Rag'n'Bone Man,,Soul,,
Missy Elliott,,Soul,,
Ty Dolla $ign,,Soul,,
A.CHAL,,Soul,,
Snakehips,,Soul,,
Alicia Keys,,Soul,Classical,
Surfaces,,Soul,,
Pink Sweat$,,Soul,,
Moods,,Soul,,
Mura Masa,,Soul,,
Robin Thicke,,Soul,,
Leona Lewis,British,Soul,,
Frank Ocean,,Soul,,
Michael Kiwanuka,British,Soul,,
Michael Kiwanuka,,Soul,,
Stellar,Korean,Pop,R&B,
Fall Out Boy,,Rock,,
The Beach Boys,,Rock,,
Green Day,,Rock,,
The Beach Boys,American/Canadian,Rock,,
Imagine Dragons,,Rock,,
Fall Out Boy,,Rock,Classical,
Foster The People,,Rock,,
Foster The People,,Rock,R&B,
Daft Punk,,Rock,R&B,
Train,,Rock,,
WALK THE MOON,,Rock,,
Hozier,,Rock,,
The Script,,Rock,,
Sam Hunt,,Rock,,
Hunter Hayes,,Rock,,
OneRepublic,,Rock,,
Beyond,Cantonese,Rock,,
A Great Big World,,Rock,,
Common Kings,,Rock,Indie Rock,
Gloria Estefan,,Rock,,
Ximena Sariñana,Latino,Rock,,
Fahrenheit,,Rock,,
Neon Trees,,Rock,,
Bastille,,Rock,,
Vance Joy,,Rock,,
Dominic Fike,,Rock,,
Hot Chelle Rae,,Rock,,
Gavin DeGraw,,Rock,,
The Neighbourhood,,Rock,,
Elton John,,Rock,,
Tom Petty and the Heartbreakers,,Rock,,
Bob Dylan,,Rock,,
Carpenters,,Rock,,
南瓜妮歌迷俱樂部,Mandarin,Rock,,
Sara Bareilles,,Rock,,
Glass Animals,,Rock,,
Savage Garden,,Rock,,
Journey,,Rock,,
Billy Joel,,Rock,,
Fleetwood Mac,,Rock,,
Billy Ocean,,Rock,,
Kenny Loggins,,Rock,,
Van Halen,,Rock,,
Bette Midler,,Rock,,
Muse,,Rock,,
Twenty One Pilots,,Rock,,
Paramore,,Rock,,
Mumford & Sons,,Rock,,
Red Hot Chili Peppers,,Rock,,
Portugal. The Man,,Rock,,
Vanessa Carlton,,Rock,,
Ghost,,Rock,,
Sam Fender,,Rock,,
Eddie Vedder,,Rock,,
The National,,Rock,,
The Killers,,Rock,,
blink-182,,Rock,,
Sublime,,Rock,,
Hedley,American/Canadian,Rock,,
Heart,,Rock,,
Ginny Blackmore,,Rock,,
Ben Rector,,Rock,,
Tame Impala,,Rock,,
Creedence Clearwater Revival,,Rock,,
Creedence Clearwater Revival,American/Canadian,Rock,,
Plain White T's,,Rock,,
Derek & The Dominos,,Rock,,
Walk off the Earth,American/Canadian,Rock,,
Walk off the Earth,,Rock,,
Kodaline,,Rock,,
PUBLIC,,Rock,,
Bon Jovi,,Rock,,
The Offspring,,Rock,,
The Verve,,Rock,,
OMI,,Reggae,Fusion,
Gyptian,,Reggae,Fusion,
Inner Circle,,Reggae,Fusion,
Sublime,,Reggae,Fusion,
R. City,Islands,Reggae,,
MAGIC!,,Reggae,,
R. City,,Reggae,Fusion,
SIX60,Australian/Nz,Reggae,,
Matzka,Mandarin,Reggae,,
Bob Marley & The Wailers,,Reggae,,
The Wailers,,Reggae,,
L.A.B.,,Reggae,,
Tapper Zukie,,Reggae,,
Skip Marley,,Reggae,,
Tainy,,Reggae,,
Ozuna,,Reggae,,
Lunay,,Reggae,,
KAROL G,,Reggae,,
Lil Mosey,,Rap,,
Chimbala,Latino,Rap,,
Wicca Phase Springs Eternal,,Rap,,
Yung Gleesh,,Rap,,
Kodak Black,American/Canadian,Rap,,
Dice Soho,American/Canadian,Rap,,
Loco,Korean,Rap,,
Kodak Black,,Rap,,
Joey Trap,American/Canadian,Rap,,
Sada Baby,,Rap,,
French Montana,,Rap,,
Wiz Khalifa,American/Canadian,Rap,,
Wiz Khalifa,,Rap,,
Rod Wave,American/Canadian,Rap,,
DJ Khaled,,Rap,,
Trevor Daniel,,Rap,,
Jay Sean,,Rap,,
Iyaz,,Rap,,
Nelly,,Rap,,
Nelly,American/Canadian,Rap,,
Taio Cruz,,Rap,,
Far East Movement,,Rap,,
Gym Class Heroes,,Rap,,
T-Pain,,Rap,,
B.o.B,,Rap,,
Offset,,Rap,,
YG,American/Canadian,Rap,,
YG,,Rap,,
Migos,,Rap,,
Tory Lanez,,Rap,,
Luniz,American/Canadian,Rap,,
Tyga,,Rap,,
Mustard,American/Canadian,Rap,,
Mustard,,Rap,,
Young Thug,,Rap,,
DaBaby,,Rap,,
Soulja Boy,,Rap,,
Rae Sremmurd,,Rap,,
G-Eazy,,Rap,,
Kanye West,American/Canadian,Rap,,
Black Eyed Peas,,Rap,,
Post Malone,,Rap,,
Y2K,,Rap,,
The Game,,Rap,,
Snoop Dogg,,Rap,,
Megan Thee Stallion,,Rap,,
Wale,,Rap,,
Arizona Zervas,,Rap,,
Roddy Ricch,,Rap,,
Mac Miller,American/Canadian,Rap,,
Fabolous,,Rap,,
B Young,,Rap,,
Flipp Dinero,,Rap,,
Russ,,Rap,,
Meek Mill,,Rap,,
Ray J,,Rap,,
Drake,,Rap,,
SAINt JHN,,Rap,,
DripReport,,Rap,,
Chance the Rapper,American/Canadian,Rap,,
Chance the Rapper,,Rap,,
Missy Elliott,,Rap,,
Trill Ryan,,Rap,,
Ty Dolla $ign,,Rap,,
Lil Uzi Vert,,Rap,,
Jack Harlow,,Rap,,
Sean Paul,,Rap,,
Powfu,,Rap,,
Lil Keed,,Rap,,
J.I the Prince of N.Y,,Rap,,
$tupid Young,American/Canadian,Rap,,
Giggs,,Rap,,
Kevin Gates,,Rap,,
Joyner Lucas,,Rap,,
Lil Tjay,,Rap,,
Lil Tecca,,Rap,,
JACKBOYS,,Rap,,
Jeremih,American/Canadian,Rap,,
Jeremih,,Rap,,
Juice WRLD,American/Canadian,Rap,,
Juice WRLD,,Rap,,
ZaeHD & CEO,,Rap,,
Blueface,American/Canadian,Rap,,
Trippie Redd,,Rap,,
Aminé,,Rap,,
Polo G,American/Canadian,Rap,,
24kGoldn,American/Canadian,Rap,,
24kGoldn,,Rap,,
mgk,,Rap,,
Trunk Boiz,American/Canadian,Rap,,
Big Sean,,Rap,,
iann dior,,Rap,,
JayDaYoungan,,Rap,,
Gucci Mane,,Rap,,
NAV,,Rap,,
88GLAM,,Rap,,
Quando Rondo,,Rap,,
K CAMP,,Rap,,
YNW Melly,,Rap,,
A Boogie Wit da Hoodie,,Rap,,
NoCap,American/Canadian,Rap,,
T.I.,,Rap,,
LMFAO,,Rap,,
6ix9ine,,Rap,,
A$AP Ferg,,Rap,,
Kid Ink,,Rap,,
SXTEEN,,Rap,,
2 Chainz,,Rap,,
Major Nine,American/Canadian,Rap,,
KYLE,,Rap,,
Gunna,,Rap,,
August Alsina,,Rap,,
Tyla Yaweh,American/Canadian,Rap,,
Tyla Yaweh,,Rap,,
Lil Loaded,,Rap,,
Swae Lee,,Rap,,
KBFR,,Rap,,
YNG Martyr,,Rap,,
PnB Rock,,Rap,,
Ladonsyl,,Rap,,
StaySolidRocky,,Rap,,
Calboy,American/Canadian,Rap,,
Calboy,,Rap,,
Rich The Kid,,Rap,,
Lil Yachty,,Rap,,
Hotboii,American/Canadian,Rap,,
Mike Posner,,Rap,,
Bow Wow,,Rap,,
Young Money,,Rap,,
Baby Bash,,Rap,,
New Boyz,,Rap,,
Fetty Wap,,Rap,,
Internet Money,,Rap,,
Cordae,,Rap,,
XXXTENTACION,,Rap,,
Macklre,,Rap,,
JAY-Z,,Rap,,
Chri$tian Gate$,,Rap,,
Ski Mask The Slump God,,Rap,,
Dreamville,,Rap,,
Sleepy Hallow,,Rap,,
bbno$,,Rap,,
Yung Gravy,,Rap,,
Flo Rida,,Rap,,
Robin Thicke,,Rap,,
Timbaland,,Rap,,
Lil Wayne,,Rap,,
Travie McCoy,,Rap,,
Logic,,Rap,,
CeeLo Green,,Rap,,
BoyWithUke,,Rap,,
WizTheMc,,Rap,,
Macklre & Ryan Lewis,,Rap,,
Smokepurpp,,Rap,,
Lil Dicky,,Rap,,
Diddy - Dirty Money,,Rap,,
The Providers,,Rap,,
DMX,,Rap,,
NF,,Rap,,
Nipsey Hussle,,Rap,,
Sheck Wes,,Rap,,
Joey Trap,,Rap,,
Childish Gambino,,Rap,,
Chris Brown,,Rap,,
Nicki Minaj,,Rap,,
USHER,,Rap,,
Lil Baby,,Rap,,
Jay Park,Korean,Rap,,
Kanye West,,Rap,,
Travis Scott,,Rap,,
"Tyler, The Creator",,Rap,,
Mac Miller,,Rap,,
BROCKHAMPTON,,Rap,,
PARTYNEXTDOOR,,Rap,,
Future,,Rap,,
H.E.R.,,Rap,,
Eminem,,Rap,,
Cardi B,,Rap,,
Kendrick Lamar,,Rap,,
SZA,,Rap,,
Baby Keem,,Rap,,
Tee Grizzley,,Rap,,
Blueface,,Rap,,
Polo G,,Rap,,
Kehlani,,Rap,,
Metro Boomin,,Rap,,
YoungBoy Never Broke Again,,Rap,,
NLE Choppa,,Rap,,
Summer Walker,,Rap,,
Mike WiLL Made-It,,Rap,,
Pop Smoke,,Rap,,
Don Toliver,,Rap,,
Moneybagg Yo,,Rap,,
Omarion,,Rap,,
Joey Bada$$,,Rap,,
J. Cole,,Rap,,
Outkast,,Rap,,
Loco,,R&B,,
Sam Kim,,R&B,,
Yoga Lin,,R&B,,
Ciara,,R&B,,
Jennifer Hudson,,R&B,,
Khalid,,R&B,,
WeiBird,Mandarin,R&B,,
USHER,,R&B,,
David Tao,Mandarin,R&B,,
Khalil Fong,Mandarin,R&B,,
Alessia Cara,American/Canadian,R&B,,
ZICO,Korean,R&B,,
Jay Park,Korean,R&B,,
Ant Saunders,,R&B,,
William Singe,,R&B,,
Kaash Paige,,R&B,,
MarMar Oso,,R&B,,
Luh Kel,,R&B,,
Kesh,,R&B,,
瘦子E.SO,Mandarin,R&B,,
August Alsina,,R&B,,
Besomorph,,R&B,,
Eric Bellinger,,R&B,,
Gemaine,,R&B,,
SoMo,,R&B,,
Selina,Mandarin,R&B,,
GJ,Mandarin,R&B,,
ALEX CHOU,Mandarin,R&B,,
Z-Chen,Mandarin,R&B,,
9m88,Mandarin,R&B,,
Jocelyn 9.4.0,Mandarin,R&B,,
Matt Lv,Mandarin,R&B,,
Haezee,Mandarin,R&B,,
Saint Chaos,,R&B,,
Jake Daniels,,R&B,,
Boyz II Men,,R&B,,
112,,R&B,,
Paul Russell,,R&B,,
Aaliyah,,R&B,,
d4vd,,R&B,,
TLC,,R&B,,
Beyoncé,,R&B,,
Chris Brown,,R&B,,
Ne-Yo,,R&B,,
T-Pain,,R&B,,
Tory Lanez,,R&B,,
Destiny's Child,,R&B,,
TINI,Latino,Pop,,
Kelly Chen,Cantonese,Pop,Classical,
Grasshopper,Cantonese,Pop,Classical,
Danny Chan,Cantonese,Pop,Classical,
Priscilla Chan,Cantonese,Pop,Classical,
Alan Tam,Cantonese,Pop,Classical,
Anita Mui,Cantonese,Pop,Classical,
廖小璇,Cantonese,Pop,Classical,
張德蘭,Cantonese,Pop,Classical,
蔡國權,Cantonese,Pop,Classical,
Hacken Lee,Cantonese,Pop,Classical,
Roman Tam,Cantonese,Pop,Classical,
呂珊,Cantonese,Pop,Classical,
Sam Hui,Cantonese,Pop,Classical,
Mavis Hee,Cantonese,Pop,Classical,
David Lui,Cantonese,Pop,Classical,
Adam Cheng,Cantonese,Pop,Classical,
Johnny Ip,Cantonese,Pop,Classical,
Andy Hui,Cantonese,Pop,Classical,
William So,Cantonese,Pop,Classical,
Sally Yeh,Cantonese,Pop,Classical,
Vivian Chow,Cantonese,Pop,Classical,
Cass Phang,Cantonese,Pop,Classical,
Ekin Cheng,Cantonese,Pop,Classical,
Kenny Bee,Cantonese,Pop,Classical,
夏韶聲,Cantonese,Pop,Classical,
Jenny Tseng,Cantonese,Pop,Classical,
Michael Kwan,Cantonese,Pop,Classical,
杜麗莎,Cantonese,Pop,Classical,
Susanna Kwan,Cantonese,Pop,Classical,
Calvin Harris,,Pop,Dance,
Ella Henderson,,Pop,Dance,
Mike Perry,,Pop,Dance,
Disciples,,Pop,Dance,
Topic,,Pop,Dance,
MEDUZA,,Pop,Dance,
Kygo,,Pop,Dance,
Tiësto,,Pop,Dance,
Martin Garrix,,Pop,Dance,
Major Lazer,,Pop,Dance,
Regard,,Pop,Dance,
Avicii,,Pop,Dance,
Loud Luxury,,Pop,Dance,
Zedd,,Pop,Dance,
DVBBS,,Pop,Dance,
Sam Feldt,,Pop,Dance,
Cheat Codes,,Pop,Dance,
DJ Snake,,Pop,Dance,
Vicetone,,Pop,Dance,
Syn Cole,,Pop,Dance,
Duke Dumont,,Pop,Dance,
Black Caviar,,Pop,Dance,
Karen Harding,,Pop,Dance,
Steve Aoki,,Pop,Dance,
Riton,,Pop,Dance,
Jonas Blue,,Pop,Dance,
Skrillex,,Pop,Dance,
San Holo,,Pop,Dance,
Jax Jones,,Pop,Dance,
Dimitri Vegas & Like Mike,,Pop,Dance,
Thomas Gold,,Pop,Dance,
David Guetta,,Pop,Dance,
Florian Picasso,,Pop,Dance,
Felix Jaehn,,Pop,Dance,
Cash Cash,,Pop,Dance,
Lost Kings,,Pop,Dance,
Mike Posner,,Pop,Dance,
twocolors,,Pop,Dance,
Timmy Trumpet,,Pop,Dance,
Galantis,,Pop,Dance,
Gryffin,,Pop,Dance,
Rudimental,,Pop,Dance,
AFROJACK,,Pop,Dance,
James Hype,,Pop,Dance,
ACRAZE,,Pop,Dance,
Swedish House Mafia,,Pop,Dance,
Lost Frequencies,,Pop,Dance,
Axwell /\ Ingrosso,,Pop,Dance,
Alesso,,Pop,Dance,
Otto Knows,,Pop,Dance,
Jack Ü,,Pop,Dance,
DubVision,,Pop,Dance,
Sigala,,Pop,Dance,
Diplo,,Pop,Dance,
ILLENIUM,,Pop,Dance,
Topic,,Pop,,
Regard,,Pop,,
Johnning,,Pop,,
Syn Cole,,Pop,,
Steve Void,,Pop,,
Florian Picasso,,Pop,,
Zack Martino,,Pop,,
Surf Mesa,,Pop,,
Lost Kings,,Pop,,
twocolors,,Pop,,
DVBBS,American/Canadian,Pop,Electropop,
Mike Hawkins,North Euro,Pop,Electropop,
Zara Larsson,North Euro,Pop,Electropop,
Astro Bunny,Mandarin,Pop,Electropop,
Peking Duk,Australian/Nz,Pop,Electropop,
Tove Lo,North Euro,Pop,Electropop,
Zooey Wonder,Mandarin,Pop,Electropop,
Glades,,Pop,Electropop,
Thomston,,Pop,Electropop,
Ben Wu,Mandarin,Pop,Electropop,
Julia Wu,Mandarin,Pop,Electropop,
唐貓 SUGARCAT,Mandarin,Pop,Electropop,
June Pan,Mandarin,Pop,Electropop,
Delaney Jane,American/Canadian,Pop,Electropop,
Paramore,,Pop,,
Cassadee Pope,,Pop,,
Ayumi Hamasaki,Japanese,Pop,Classical,
A-do,Mandarin,Pop,Classical,
童安格,Mandarin,Pop,Classical,
Wakin Chau,Mandarin,Pop,Classical,
Andy Lau,Mandarin,Pop,Classical,
陳良泉,Mandarin,Pop,Classical,
Teresa Teng,Mandarin,Pop,Classical,
邰正宵,Mandarin,Pop,Classical,
趙詠華,Mandarin,Pop,Classical,
相思,Mandarin,Pop,Classical,
Where Chou,Mandarin,Pop,Classical,
Mavis Hee,Mandarin,Pop,Classical,
Wanfang,Mandarin,Pop,Classical,
鳳飛飛,Mandarin,Pop,Classical,
Sarah Chen,Mandarin,Pop,Classical,
蔡振南,Mandarin,Pop,Classical,
Tsai Chin,Mandarin,Pop,Classical,
黃小琥,Mandarin,Pop,Classical,
Zhang Qing Fang,Mandarin,Pop,Classical,
林淑容,Mandarin,Pop,Classical,
Tracy Huang,Mandarin,Pop,Classical,
Fei Yu-ching,Mandarin,Pop,Classical,
Alex To,Mandarin,Pop,Classical,
Julie Sue,Mandarin,Pop,Classical,
Winnie Hsin,Mandarin,Pop,Classical,
張艾嘉,Mandarin,Pop,Classical,
Zhao Chuan,Mandarin,Pop,Classical,
Kit Chan,Mandarin,Pop,Classical,
Zhang Yu Sheng,Mandarin,Pop,Classical,
David Lui,Mandarin,Pop,Classical,
Yuki Hsu,Mandarin,Pop,Classical,
Maggie Chiang,Mandarin,Pop,Classical,
陶晶瑩,Mandarin,Pop,Classical,
蘇慧倫,Mandarin,Pop,Classical,
Julia Peng,Mandarin,Pop,Classical,
Phil Chang,Mandarin,Pop,Classical,
毛阿敏,Mandarin,Pop,Classical,
Jody Chiang,Mandarin,Pop,Classical,
Hu Ge,Mandarin,Pop,Classical,
侯湘婷,Mandarin,Pop,Classical,
李心潔,Mandarin,Pop,Classical,
南方二重唱,Mandarin,Pop,Classical,
赖冰霞,Mandarin,Pop,Classical,
謝雷,Mandarin,Pop,Classical,
方瑞娥,Mandarin,Pop,Classical,
那英,Mandarin,Pop,Classical,
Chyi Yu,Mandarin,Pop,Classical,
顧媚,Mandarin,Pop,Classical,
E-Jun Lee,Mandarin,Pop,Classical,
Richie Jen,Mandarin,Pop,Classical,
Chyi Chin,Mandarin,Pop,Classical,
SKY WU,Mandarin,Pop,Classical,
Chiang Yu-Heng,Mandarin,Pop,Classical,
林慧萍,Mandarin,Pop,Classical,
William So,Mandarin,Pop,Classical,
Sally Yeh,Mandarin,Pop,Classical,
陳蘭麗,Mandarin,Pop,Classical,
Grace Chang,Mandarin,Pop,Classical,
Daniel Lo,Mandarin,Pop,Classical,
巫啟賢,Mandarin,Pop,Classical,
Dave Wang,Mandarin,Pop,Classical,
Daniel Chan,Mandarin,Pop,Classical,
吳奇隆,Mandarin,Pop,Classical,
Bobby Chen,Mandarin,Pop,Classical,
孫建平,Mandarin,Pop,Classical,
孟庭葦,Mandarin,Pop,Classical,
蔡幸娟,Mandarin,Pop,Classical,
高勝美,Mandarin,Pop,Classical,
潘越雲,Mandarin,Pop,Classical,
張鎬哲,Mandarin,Pop,Classical,
小虎隊,Mandarin,Pop,Classical,
優客李林,Mandarin,Pop,Classical,
Pan Mei Chen,Mandarin,Pop,Classical,
Chris Yu,Mandarin,Pop,Classical,
Jacky Wu,Mandarin,Pop,Classical,
熊天平,Mandarin,Pop,Classical,
Jenny Tseng,Mandarin,Pop,Classical,
潘安邦,Mandarin,Pop,Classical,
余天,Mandarin,Pop,Classical,
李泰祥,Mandarin,Pop,Classical,
葉啟田,Mandarin,Pop,Classical,
David Huang,Mandarin,Pop,Classical,
黃品源,Mandarin,Pop,Classical,
Huang Yee Ling,Mandarin,Pop,Classical,
鄭智化,Mandarin,Pop,Classical,
Wang Zhi Lei,Mandarin,Pop,Classical,
冷漠,Mandarin,Pop,Classical,
Amy Shark,Australian/Nz,Pop,,
Ruel,Australian/Nz,Pop,,
CXLOE,Australian/Nz,Pop,,
CXLOE,Australian/Nz,Pop,Electropop,
G Flip,Australian/Nz,Pop,,
Stromae,Other Euro,Pop,,
Little Mix,British,Pop,,
Paloma Faith,British,Pop,,
Adele,British,Pop,,
Olly Alexander (Years & Years),British,Pop,,
Jess Glynne,British,Pop,,
Charli xcx,British,Pop,,
CXLOE,British,Pop,,
Birdy,British,Pop,,
JP Cooper,British,Pop,,
Shawn Mendes,American/Canadian,Pop,,
Eason Chan,Cantonese,Pop,,
Vivian Lai,Cantonese,Pop,,
Lowell Lo,Cantonese,Pop,,
Ivana Wong,Cantonese,Pop,,
Linda Wong,Cantonese,Pop,,
Ronald Cheng,Cantonese,Pop,,
田震,Mandarin,Pop,,
Michael Learns To Rock,North Euro,Pop,,
Sarah Connor,Other Euro,Pop,,
Yue Chun Giu,Cantonese,Pop,,
Kerispatih,Other Asian,Pop,,
Shane Filan,British,Pop,,
Kodaline,British,Pop,,
Loco,Korean,Pop,,
Sam Kim,Korean,Pop,,
JJ Lin,Mandarin,Pop,,
F.I.R.,Mandarin,Pop,,
Joanna Wang,Mandarin,Pop,,
Yoga Lin,Mandarin,Pop,,
許嵩,Mandarin,Pop,,
Joker Xue,Mandarin,Pop,,
Andrew Tan,Mandarin,Pop,,
Hebe Tien,Mandarin,Pop,,
S.H.E,Mandarin,Pop,,
Aska Yang,Mandarin,Pop,,
高爾宣 OSN,Mandarin,Pop,,
sodagreen,Mandarin,Pop,,
Leehom Wang,Mandarin,Pop,,
Olivia Ong,Mandarin,Pop,,
Eason Chan,Mandarin,Pop,,
Jay Chou,Mandarin,Pop,,
梁心頤Lara,Mandarin,Pop,,
Kelly Pan,Mandarin,Pop,,
Vivian Lai,Mandarin,Pop,,
Lowell Lo,Mandarin,Pop,,
翁倩玉,Mandarin,Pop,,
Shane Cao,Mandarin,Pop,,
Hanz 郭文翰,Mandarin,Pop,,
過又嘉,Mandarin,Pop,,
Jocie Guo,Mandarin,Pop,,
FeiFei Ou-Yang,Mandarin,Pop,,
張洪量,Mandarin,Pop,,
無印良品,Mandarin,Pop,,
尤雅,Mandarin,Pop,,
劉家昌,Mandarin,Pop,,
Ronald Cheng,Mandarin,Pop,,
M2M,North Euro,Pop,,
Zara Larsson,North Euro,Pop,,
Charlie Puth,,Pop,,
Niall Horan,,Pop,,
Taylor Swift,,Pop,,
MAGIC!,,Pop,,
Mr. Probz,,Pop,,
Khalid,,Pop,,
Harry Styles,,Pop,,
ZAYN,British,Pop,,
Justin Bieber,American/Canadian,Pop,,
Ed Sheeran,British,Pop,,
Olly Murs,British,Pop,,
Ronghao Li,Mandarin,Pop,,
Steve Chou,Mandarin,Pop,,
Astro Bunny,Mandarin,Pop,,
Eric Chou,Mandarin,Pop,,
Angela Chang,Mandarin,Pop,,
Lewis Capaldi,British,Pop,,
Ella Henderson,British,Pop,,
Bii,Mandarin,Pop,,
韓紅,Mandarin,Pop,,
Jam Hsiao,Mandarin,Pop,,
Mayday,Mandarin,Pop,,
Jessica Mauboy,Australian/Nz,Pop,,
Tiger Hu,Mandarin,Pop,,
Ella Chen,Mandarin,Pop,,
A-Mei Chang,Mandarin,Pop,,
Sam Smith,British,Pop,,
Faye Wong,Mandarin,Pop,,
吳青峰,Mandarin,Pop,,
James TW,British,Pop,,
Yisa Yu,Mandarin,Pop,,
Hu Xia,Mandarin,Pop,,
Stefanie Sun,Mandarin,Pop,,
Namewee,Mandarin,Pop,,
WeiBird,Mandarin,Pop,,
G.E.M.,Mandarin,Pop,,
Jeff Chang,Mandarin,Pop,,
AGA,Cantonese,Pop,,
Mao Buyi,Mandarin,Pop,,
David Tao,Mandarin,Pop,,
Hins Cheung,Cantonese,Pop,,
Kenji Wu,Mandarin,Pop,,
Sam Lee,Mandarin,Pop,,
Fish Leong,Mandarin,Pop,,
Christine Fan,Mandarin,Pop,,
A-Lin,Mandarin,Pop,,
Nicholas Teo,Mandarin,Pop,,
BY2,Mandarin,Pop,,
Rene Liu,Mandarin,Pop,,
Tanya Chua,Mandarin,Pop,,
Rachel Liang,Mandarin,Pop,,
Jolin Tsai,Mandarin,Pop,,
LaLa Hsu,Mandarin,Pop,,
Karen Mok,Mandarin,Pop,,
Ren Ran,Mandarin,Pop,,
Harlem Yu,Mandarin,Pop,,
Michael Wong,Mandarin,Pop,,
Rainie Yang,Mandarin,Pop,,
Gary Chaw,Mandarin,Pop,,
Jordan Chan,Mandarin,Pop,,
Pets Tseng,Mandarin,Pop,,
Janice Yan,Mandarin,Pop,,
Lin Hsin Yi,Mandarin,Pop,,
Cyndi Wang,Mandarin,Pop,,
林凡,Mandarin,Pop,,
Silence Wang,Mandarin,Pop,,
Della,Mandarin,Pop,,
Eve Ai,Mandarin,Pop,,
Show Luo,Mandarin,Pop,,
Claire Kuo,Mandarin,Pop,,
831,Mandarin,Pop,,
Victor Wong,Mandarin,Pop,,
Yen-J,Mandarin,Pop,,
Evan Yo,Mandarin,Pop,,
胡66,Mandarin,Pop,,
TANK 呂建忠,Mandarin,Pop,,
Shi Shi,Mandarin,Pop,,
Valen Hsu,Mandarin,Pop,,
Nicky Lee,Mandarin,Pop,,
Jason Zhang,Mandarin,Pop,,
Nine Chen,Mandarin,Pop,,
Yoyo Sham,Cantonese,Pop,,
Vicky Chen,Mandarin,Pop,,
Crowd Lu,Mandarin,Pop,,
Kelly Yu,Mandarin,Pop,,
Xiao Yu,Mandarin,Pop,,
Sandy Lam,Mandarin,Pop,,
Will Pan,Mandarin,Pop,,
Jason Chan,Cantonese,Pop,,
James Arthur,,Pop,,
Jacky Cheung,Mandarin,Pop,,
Khalil Fong,Mandarin,Pop,,
Janice Vidal,Cantonese,Pop,,
Penny Tai,Mandarin,Pop,,
Wanting,Mandarin,Pop,,
Ann Bai,Mandarin,Pop,,
Fiona Sit,Cantonese,Pop,,
Diana Wang,Mandarin,Pop,,
Kimberley Chen,Mandarin,Pop,,
Nan Quan Mama,Mandarin,Pop,,
Candy Lo,Cantonese,Pop,,
Shiga Lin,Cantonese,Pop,,
Ricky Hsiao,Mandarin,Pop,,
黃齡,Mandarin,Pop,,
Alien Huang,Mandarin,Pop,,
J.Sheon,Mandarin,Pop,,
Jia Jia,Mandarin,Pop,Classical,
Zhang Zhen Yue,Mandarin,Pop,Classical,
Leo Ku,Cantonese,Pop,,
Waa Wei,Mandarin,Pop,,
Beyond,Mandarin,Pop,,
Tangerine Wong,Mandarin,Pop,,
Zhou Shen,Mandarin,Pop,,
Ariel Tsai,Mandarin,Pop,,
Ada Zhuang,Mandarin,Pop,,
阿涵,Mandarin,Pop,,
Miriam Yeung,Cantonese,Pop,,
王錚亮,Mandarin,Pop,,
TIA RAY,Mandarin,Pop,,
劉瑞琦,Mandarin,Pop,,
南征北戰,Mandarin,Pop,,
Li Yugang,Mandarin,Pop,,
Boon Hui Lu,Mandarin,Pop,,
金莎,Mandarin,Pop,,
Chilam,Cantonese,Pop,,
Xu Wei,Mandarin,Pop,,
林志炫,Mandarin,Pop,Classical,
Mabel,British,Pop,,
Wakin Chau,Mandarin,Pop,,
Danny Chan,Mandarin,Pop,,
Priscilla Chan,Mandarin,Pop,,
Alan Tam,Mandarin,Pop,,
Anita Mui,Mandarin,Pop,,
Andy Lau,Mandarin,Pop,,
Teresa Teng,Mandarin,Pop,,
邰正宵,Mandarin,Pop,,
趙詠華,Mandarin,Pop,,
Landy Wen,Mandarin,Pop,,
蔡國權,Mandarin,Pop,,
Leslie Cheung,Mandarin,Pop,,
Hacken Lee,Mandarin,Pop,,
Roman Tam,Mandarin,Pop,,
相思,Hokkien,Pop,,
楊洋,Mandarin,Pop,,
Where Chou,Mandarin,Pop,,
王源,Mandarin,Pop,,
Joi Chua,Mandarin,Pop,,
Sam Hui,Mandarin,Pop,,
Mavis Hee,Mandarin,Pop,,
Chen Li Juan,Mandarin,Pop,,
Wanfang,Mandarin,Pop,,
蔡振南,Hokkien,Pop,,
Tsai Chin,Mandarin,Pop,,
黃小琥,Mandarin,Pop,,
Zhang Qing Fang,Mandarin,Pop,,
Sammi Cheng,Mandarin,Pop,,
Fei Yu-ching,Mandarin,Pop,,
CoCo Lee,Mandarin,Pop,,
Alex To,Mandarin,Pop,,
Yida Huang,Mandarin,Pop,,
Dua Lipa,British,Pop,,
SIX60,Australian/Nz,Pop,,
Nicole Millar,Australian/Nz,Pop,,
BROODS,Australian/Nz,Pop,,
Morgan Sulele,North Euro,Pop,,
Shania Twain,American/Canadian,Pop,,
Shakira,Latino,Pop,,
Tones And I,Australian/Nz,Pop,,
Rita Ora,British,Pop,,
Gotye,Australian/Nz,Pop,,
Drake,American/Canadian,Pop,,
Troye Sivan,Australian/Nz,Pop,,
Massari,American/Canadian,Pop,,
Mr Eazi,Afro,Pop,,
RAYE,British,Pop,,
Tove Lo,North Euro,Pop,,
Carly Rae Jepsen,American/Canadian,Pop,,
Lorde,Australian/Nz,Pop,,
Ellie Goulding,British,Pop,,
Orezi,Afro,Pop,,
Julie Sue,Hokkien,Pop,,
楊培安,Mandarin,Pop,,
Stan Walker,Australian/Nz,Pop,,
Paty Cantú,Latino,Pop,,
Río Roma,Latino,Pop,,
Ximena Sariñana,Latino,Pop,,
Mau y Ricky,Latino,Pop,,
Matisse,Latino,Pop,,
Enrique Iglesias,Latino,Pop,Dance,
Enrique Iglesias,Latino,Pop,,
Alvaro Soler,Latino,Pop,,
Jennifer Lopez,Latino,Pop,Dance,
胡歌,Mandarin,Pop,,
Sebastian Yatra,Latino,Pop,,
CNCO,Latino,Pop,,
Camilo,Latino,Pop,,
Elva Hsiao,Mandarin,Pop,,
卓文萱,Mandarin,Pop,,
Lara Liang,Mandarin,Pop,,
Da Mouth,Mandarin,Pop,,
Power Station,Mandarin,Pop,,
Xian Zi,Mandarin,Pop,,
Vivian Hsu,Mandarin,Pop,,
嚴藝丹,Mandarin,Pop,,
Various Artists,North Euro,Pop,,
Winnie Hsin,Mandarin,Pop,,
Zhao Chuan,Mandarin,Pop,,
林依晨,Mandarin,Pop,,
will.i.am,American/Canadian,Pop,Dance,
Demi Lovato,American/Canadian,Pop,Post Teen,
Avril Lavigne,American/Canadian,Pop,,
Burna Boy,Afro,Pop,,
飛輪海,Mandarin,Pop,,
瘦子E.SO,Mandarin,Pop,,
Kit Chan,Mandarin,Pop,,
Sam Fischer,Australian/Nz,Pop,,
Jawsh 685,Australian/Nz,Pop,,
BENEE,Australian/Nz,Pop,,
Sofía Reyes,Latino,Pop,,
Zhang Yu Sheng,Mandarin,Pop,,
阿冗,Mandarin,Pop,,
Takagi & Ketra,Other Euro,Pop,,
Cody Simpson,Australian/Nz,Pop,,
Pika Chiu,Mandarin,Pop,,
梦然,Mandarin,Pop,,
婁峻碩,Mandarin,Pop,,
David Lui,Mandarin,Pop,,
JS,Mandarin,Pop,,
Cindy Yen,Mandarin,Pop,,
許慧欣,Mandarin,Pop,,
蔡黃汝,Mandarin,Pop,,
張芸京,Mandarin,Pop,,
李千娜,Mandarin,Pop,,
Selina,Mandarin,Pop,,
Sweety,Mandarin,Pop,,
許紹洋,Mandarin,Pop,,
Fang Wu,Mandarin,Pop,,
Niko Sun,Mandarin,Pop,,
Princess Ai,Mandarin,Pop,,
告五人,Mandarin,Pop,,
EggPlantEgg,Mandarin,Pop,,
艾薇,Mandarin,Pop,,
Yo Lee,Mandarin,Pop,,
Chih Siou,Mandarin,Pop,,
Yuki Hsu,Mandarin,Pop,,
Lollipop F,Mandarin,Pop,,
殷悅,Mandarin,Pop,,
Maggie Chiang,Mandarin,Pop,,
Alan Kuo,Mandarin,Pop,,
陶晶瑩,Mandarin,Pop,,
Amber An,Mandarin,Pop,,
Zoe Wees,Other Euro,Pop,,
Angèle,Other Euro,Pop,,
The Starlings,Other Euro,Pop,,
Luis Fonsi,Latino,Pop,,
Zooey Wonder,Mandarin,Pop,,
Tank,Mandarin,Pop,,
Drax Project,Australian/Nz,Pop,,
TEEKS,Australian/Nz,Pop,,
ROSÉ,Korean,Pop,,
鄭容和,Korean,Pop,,
小男孩樂團,Mandarin,Pop,,
Soo Wincci,Mandarin,Pop,,
潘裕文,Mandarin,Pop,,
GJ,Mandarin,Pop,,
Amber Kuo,Mandarin,Pop,,
Aaron Yan,Mandarin,Pop,,
魏嘉瑩 Arrow Wei,Mandarin,Pop,,
元衛覺醒,Mandarin,Pop,,
Dawen Wang,Mandarin,Pop,,
Jane Huang,Mandarin,Pop,,
蘇慧倫,Mandarin,Pop,,
Ben Wu,Mandarin,Pop,,
Miu Chu,Mandarin,Pop,,
Da Zhuang,Mandarin,Pop,,
崔子格;楊培安,Mandarin,Pop,,
皮卡丘多多,Mandarin,Pop,,
Julia Peng,Mandarin,Pop,,
Abin Fang,Mandarin,Pop,,
Phil Chang,Mandarin,Pop,,
Jess Lee,Mandarin,Pop,,
Shadya Lan,Mandarin,Pop,,
Z-Chen,Mandarin,Pop,,
Magic Power,Mandarin,Pop,,
Cheer Chen,Mandarin,Pop,,
Evangeline Wong,Mandarin,Pop,,
Cosmos People,Mandarin,Pop,,
Marz23,Mandarin,Pop,,
WONHO,Korean,Pop,,
R-chord,Mandarin,Pop,,
玖壹壹,Mandarin,Pop,,
Fan Yi Chen,Mandarin,Pop,,
理想混蛋,Mandarin,Pop,,
Adam Cheng,Mandarin,Pop,,
Gentle Bones,Mandarin,Pop,,
WONFU,Mandarin,Pop,,
Naiwen Yang,Mandarin,Pop,,
Katncandix2,Mandarin,Pop,,
Mavis Fan,Mandarin,Pop,,
Wu Bai,Mandarin,Pop,,
陳建年,Mandarin,Pop,,
Matzka,Mandarin,Pop,,
Soft Lipa,Mandarin,Pop,,
Deserts Chang,Mandarin,Pop,,
Fire EX.,Mandarin,Pop,,
Flesh Juicer,Mandarin,Pop,,
SS501,Korean,Pop,,
Someday,Korean,Pop,,
张远,Mandarin,Pop,,
鄧福如 AFÜ,Mandarin,Pop,,
OHMYMEITING,Mandarin,Pop,,
守夜人,Mandarin,Pop,,
A Si,Mandarin,Pop,,
信樂團,Mandarin,Pop,,
Whyte,Mandarin,Pop,,
Julia Wu,Mandarin,Pop,,
9m88,Mandarin,Pop,,
Anni Hung,Mandarin,Pop,,
Carpenters,American/Canadian,Pop,Classical,
路嘉欣,Mandarin,Pop,,
Sigrid,North Euro,Pop,,
ABBA,North Euro,Pop,,
蔡詩蕓,Mandarin,Pop,,
Enno Cheng,Mandarin,Pop,,
Backstreet Boys,American/Canadian,Pop,Dance,
深白色二人組,Mandarin,Pop,,
Meeia Foo,Mandarin,Pop,,
張玉華,Mandarin,Pop,,
Queen Wei,Mandarin,Pop,,
櫻桃幫,Mandarin,Pop,,
小球(莊鵑瑛),Mandarin,Pop,,
Soler,Mandarin,Pop,,
廖文強,Mandarin,Pop,,
慢慢說,Mandarin,Pop,,
趙之璧,Mandarin,Pop,,
亦帆,Mandarin,Pop,,
ERIKA,Mandarin,Pop,,
邵雨薇,Mandarin,Pop,,
Ruth Kueo,Mandarin,Pop,,
The Sam Willows,Mandarin,Pop,,
FS (Fuying & Sam),Mandarin,Pop,,
911,Mandarin,Pop,,
Pei-Yu Hung,Mandarin,Pop,,
Jody Chiang,Hokkien,Pop,,
Jody Chiang,Mandarin,Pop,,
王建傑,Hokkien,Pop,,
余佩真,Mandarin,Pop,,
宇珩,Mandarin,Pop,,
HUSH,Mandarin,Pop,,
七朵组合,Mandarin,Pop,,
有感覺,Mandarin,Pop,,
Hu Ge,Mandarin,Pop,,
侯湘婷,Mandarin,Pop,,
回音哥,Mandarin,Pop,,
展翼(ZAYIN),Mandarin,Pop,,
洛客班,Mandarin,Pop,,
許莉潔,Mandarin,Pop,,
李心潔,Mandarin,Pop,,
林俊呈,Mandarin,Pop,,
Chris Lee Artiste,Mandarin,Pop,,
陳柯宇,Mandarin,Pop,,
棉子,Mandarin,Pop,,
PiA,Mandarin,Pop,,
硬糖少女303,Mandarin,Pop,,
W.M.L,Mandarin,Pop,,
理想混蛋 雞丁,Mandarin,Pop,,
Crispy脆樂團,Mandarin,Pop,,
Sandee Chan,Mandarin,Pop,,
Feng Ze,Mandarin,Pop,,
Jeryl Lee,Mandarin,Pop,,
賴慈泓,Mandarin,Pop,,
蜜雪薇琪,Mandarin,Pop,,
輕鬆玩樂團,Mandarin,Pop,,
接個吻,Mandarin,Pop,,
焦邁奇,Mandarin,Pop,,
同恩,Mandarin,Pop,,
柯智棠,Mandarin,Pop,,
en,Korean,Pop,,
那英,Mandarin,Pop,,
Chyi Yu,Mandarin,Pop,,
Jane Zhang,Mandarin,Pop,,
Good Band,Mandarin,Pop,,
Mixer,Mandarin,Pop,,
joysaaaa,Mandarin,Pop,,
Daven Wu,Mandarin,Pop,,
蒋小呢,Mandarin,Pop,,
MC 張天賦,Cantonese,Pop,,
LBI利比,Mandarin,Pop,,
程响,Mandarin,Pop,,
隊長,Mandarin,Pop,,
KeyKey,Mandarin,Pop,,
space x,Mandarin,Pop,,
李玉璽,Mandarin,Pop,,
BLACKPINK,Korean,Pop,,
安溥,Mandarin,Pop,,
壞特 ?te,Mandarin,Pop,,
The Chairs,Mandarin,Pop,,
冰球樂團,Mandarin,Pop,,
Red Velvet,Korean,Pop,,
鄭興,Mandarin,Pop,,
瑞瑪席丹Rima Zeidan,Mandarin,Pop,,
Quarterback,Mandarin,Pop,,
Sharon Kwan,Mandarin,Pop,,
川島茉樹代Makiyo,Mandarin,Pop,,
阿桑,Mandarin,Pop,,
湯薇恩,Mandarin,Pop,,
唐貓 SUGARCAT,Mandarin,Pop,,
June Pan,Mandarin,Pop,,
顧媚,Mandarin,Pop,,
Johnny Ip,Mandarin,Pop,,
Andy Hui,Mandarin,Pop,,
E-Jun Lee,Mandarin,Pop,,
The Freshman,Mandarin,Pop,,
Dean Lewis,Australian/Nz,Pop,,
6LACK,Korean,Pop,,
Ryan Mack,British,Pop,,
FIFTY FIFTY,Korean,Pop,,
NewJeans,Korean,Pop,,
Rema,Afro,Pop,,
Cian Ducrot,British,Pop,,
Nico Santos,Other Euro,Pop,,
Gestört aber GeiL,Other Euro,Pop,,
Florentina,Other Euro,Pop,,
Michael Schulte,Other Euro,Pop,,
Laurell,American/Canadian,Pop,,
Clara Mae,North Euro,Pop,,
KAWALA,British,Pop,,
Holly Humberstone,British,Pop,,
KCee,Afro,Pop,,
Nelly Furtado,American/Canadian,Pop,,
Kim Kwang Seok,Korean,Pop,,
Jike Junyi,Mandarin,Pop,,
JC 陳詠桐,Mandarin,Pop,,
CHANYEOL,Korean,Pop,,
Nathan Hartono,Mandarin,Pop,,
Wang Jun Qi,Mandarin,Pop,,
蔡恩雨 Priscilla Abby,Mandarin,Pop,,
NICKTHEREAL,Mandarin,Pop,,
Richie Jen,Mandarin,Pop,,
Chyi Chin,Mandarin,Pop,,
SKY WU,Mandarin,Pop,,
Grady Guan,Mandarin,Pop,,
William So,Mandarin,Pop,,
Sally Yeh,Mandarin,Pop,,
巫啟賢,Mandarin,Pop,,
Dave Wang,Mandarin,Pop,,
Vivian Chow,Mandarin,Pop,,
Daniel Chan,Mandarin,Pop,,
魏奇奇,Mandarin,Pop,,
胡一天,Mandarin,Pop,,
Dylan Wang,Mandarin,Pop,,
Rose Liu,Mandarin,Pop,,
Gigi Leung,Mandarin,Pop,,
Li Jian,Mandarin,Pop,,
Bobby Chen,Mandarin,Pop,,
馮佳琪,Mandarin,Pop,,
林宇中,Mandarin,Pop,,
六哲,Mandarin,Pop,,
"黃明志, G.E.M.鄧紫棋",Mandarin,Pop,,
Cass Phang,Mandarin,Pop,,
小虎隊,Mandarin,Pop,,
優客李林,Mandarin,Pop,,
Chris Yu,Mandarin,Pop,,
Jacky Wu,Mandarin,Pop,,
Feng Timo,Mandarin,Pop,,
Jacob Lee,Australian/Nz,Pop,,
Kenny Bee,Mandarin,Pop,,
熊天平,Mandarin,Pop,,
F4,Mandarin,Pop,,
Jenny Tseng,Mandarin,Pop,,
Michael Kwan,Mandarin,Pop,,
蔡淳佳,Mandarin,Pop,,
陈雪凝,Mandarin,Pop,,
Koala Liu,Mandarin,Pop,,
李振源,Mandarin,Pop,,
葉啟田,Hokkien,Pop,,
黃品源,Mandarin,Pop,,
Huang Yee Ling,Hokkien,Pop,,
頑童Mj116,Mandarin,Pop,,
劉惜君,Mandarin,Pop,,
Hedley,American/Canadian,Pop,,
Timomatic,Australian/Nz,Pop,,
Benny Tipene,Australian/Nz,Pop,,
Guy Sebastian,Australian/Nz,Pop,,
Pedro Capó,Latino,Pop,,
WENDY,Korean,Pop,,
Måns Zelmerlöw,North Euro,Pop,,
Against The Current,,Pop,Punk,
Paramore,,Pop,Punk,
blink-182,,Pop,Punk,
Plain White T's,,Pop,Punk,
Hedley,,Pop,,
Tyler Shaw,,Pop,,
Mau y Ricky,,Pop,,
Kezia Amelia,,Pop,,
Jeremy Green,,Pop,,
Zara Larsson,,Pop,,
Train,,Pop,,
P!nk,,Pop,,
John Legend,,Pop,,
The Chainsmokers,,Pop,,
Pharrell Williams,,Pop,,
Beyoncé,,Pop,,
Adele,,Pop,,
Sia,,Pop,,
Justin Timberlake,,Pop,,
Miley Cyrus,,Pop,,
ZAYN,,Pop,,
Justin Bieber,,Pop,,
Ed Sheeran,,Pop,,
Olly Murs,,Pop,,
Maroon 5,,Pop,,
The Vamps,,Pop,,
Rihanna,,Pop,,
MKTO,,Pop,,
Katy Perry,,Pop,,
Lewis Capaldi,,Pop,,
Hozier,,Pop,,
The Script,,Pop,,
Britney Spears,,Pop,,
Sam Smith,,Pop,,
5 Seconds of Summer,,Pop,,
Jason Mraz,,Pop,,
Jason Derulo,,Pop,,
Sean Kingston,,Pop,,
Austin Mahone,,Pop,,
Jay Sean,,Pop,,
Jesse McCartney,,Pop,,
Taio Cruz,,Pop,,
Nicki Minaj,,Pop,,
USHER,,Pop,,
Ne-Yo,,Pop,,
Hannah Montana,,Pop,,
Cher Lloyd,,Pop,,
Jordin Sparks,,Pop,,
Doja Cat,,Pop,,
Bruno Mars,,Pop,,
Destiny's Child,,Pop,,
OneRepublic,,Pop,,
Kelly Chen,Cantonese,Pop,,
Grasshopper,Cantonese,Pop,,
Pakho Chau,Cantonese,Pop,,
Twins,Cantonese,Pop,,
Vincy Chan,Cantonese,Pop,,
Wilfred Lau,Cantonese,Pop,,
DNCE,,Pop,,
Alessia Cara,,Pop,,
Hailee Steinfeld,,Pop,,
Mariah Carey,,Pop,,
Stray Kids,,Pop,,
The Weeknd,,Pop,,
Normani,,Pop,,
ROSALÍA,,Pop,,
Coldplay,,Pop,,
Jonas Brothers,,Pop,,
Kygo,,Pop,,
Martin Garrix,,Pop,,
Major Lazer,,Pop,,
Ariana Grande,,Pop,,
Lizzo,,Pop,,
Mabel,,Pop,,
Colbie Caillat,,Pop,,
Danny Chan,Cantonese,Pop,,
Priscilla Chan,Cantonese,Pop,,
Anita Mui,Cantonese,Pop,,
Andy Lau,Cantonese,Pop,,
Teresa Teng,Cantonese,Pop,,
Leslie Cheung,Cantonese,Pop,,
Hacken Lee,Cantonese,Pop,,
Roman Tam,Cantonese,Pop,,
Avicii,,Pop,,
Black Eyed Peas,,Pop,,
Post Malone,,Pop,,
Christina Perri,,Pop,,
Kelly Clarkson,,Pop,,
Justin Lo,Cantonese,Pop,,
Sammi Cheng,Cantonese,Pop,,
Zedd,,Pop,,
Billie Eilish,,Pop,,
Selena Gomez,,Pop,,
Dua Lipa,,Pop,,
Halsey,,Pop,Electropop,
Halsey,,Pop,,
Lauv,,Pop,,
blackbear,,Pop,,
Megan Thee Stallion,,Pop,,
Cheat Codes,,Pop,,
Clean Bandit,,Pop,,
DJ Snake,,Pop,,
Labrinth,,Pop,,
Shakira,,Pop,,
Rita Ora,,Pop,,
Bazzi,,Pop,,
Ava Max,,Pop,,
Marshmello,,Pop,,
Lady Gaga,,Pop,,
Conan Gray,,Pop,,
Noah Cyrus,,Pop,,
Cardi B,,Pop,,
Troye Sivan,,Pop,,
Fergie,,Pop,,
Tove Lo,,Pop,,
Jonas Blue,,Pop,,
Pitbull,,Pop,,
Carly Rae Jepsen,,Pop,,
Alicia Keys,,Pop,,
Lorde,,Pop,,
SZA,,Pop,,
Ellie Goulding,,Pop,,
Madison Beer,,Pop,,
Sean Paul,,Pop,,
Tate McRae,,Pop,,
Kehlani,,Pop,,
Jennifer Lopez,,Pop,,
David Guetta,,Pop,,
Various Artists,,Pop,,
will.i.am,,Pop,,
Demi Lovato,,Pop,,
Iggy Azalea,,Pop,,
Avril Lavigne,,Pop,,
LMFAO,,Pop,,
Selena Gomez & The Scene,,Pop,,
Bridgit Mendler,,Pop,,
Bastille,,Pop,,
Zendaya,,Pop,,
The Wanted,,Pop,,
Meghan Trainor,,Pop,,
Pia Mia,,Pop,,
Melanie Martinez,,Pop,,
Mike Posner,,Pop,,
Big Time Rush,,Pop,,
Olivia O'Brien,,Pop,,
The Pussycat Dolls,,Pop,,
Natasha Bedingfield,,Pop,,
Jessie J,,Pop,,
Cody Simpson,,Pop,,
The Neighbourhood,,Pop,,
Olivia Rodrigo,,Pop,,
Julia Michaels,,Pop,,
Anne-Marie,,Pop,,
Why Don't We,,Pop,,
Bebe Rexha,,Pop,,
Phil Lam,Cantonese,Pop,,
Juno Mak,Cantonese,Pop,,
Someday,,Pop,,
ABBA,,Pop,,
Backstreet Boys,,Pop,,
Denise Ho,Cantonese,Pop,,
林嘉欣,Cantonese,Pop,,
刘珂矣,Mandarin,Pop,,
後弦,Mandarin,Pop,,
羅文裕,Hokkien,Pop,,
叶炫清,Mandarin,Pop,,
葉炫清,Mandarin,Pop,,
BLACKPINK,,Pop,,
米莎,Hokkien,Pop,,
Pong Nan,Cantonese,Pop,,
Charmaine Fong,Cantonese,Pop,,
Andy Hui,Cantonese,Pop,,
Christina Aguilera,,Pop,,
Jeremy Zucker,,Pop,,
Dean Lewis,,Pop,,
6LACK,,Pop,,
benny blanco,,Pop,,
Flo Rida,,Pop,,
JoJo,,Pop,,
Timbaland,,Pop,,
Galantis,,Pop,,
Twenty One Pilots,,Pop,,
Lana Del Rey,,Pop,,
*NSYNC,,Pop,,
Gwen Stefani,,Pop,,
Leona Lewis,,Pop,,
Lena,,Pop,,
Sabrina Carpenter,,Pop,,
Sofia Carson,,Pop,,
NEIKED,North Euro,Pop,,
Calum Scott,,Pop,,
Sophie Ellis-Bextor,Other Euro,Pop,,
Nelly Furtado,,Pop,,
Loreen,Other Euro,Pop,,
Alesso,,Pop,,
Supper Moment,Cantonese,Pop,,
JC 陳詠桐,Cantonese,Pop,,
ToNick,Cantonese,Pop,,
Hubert Wu,Cantonese,Pop,,
Ronan Keating,Other Euro,Pop,,
William So,Cantonese,Pop,,
Sally Yeh,Cantonese,Pop,,
Vivian Chow,Cantonese,Pop,,
Daniel Chan,Cantonese,Pop,,
Cass Phang,Cantonese,Pop,,
Ekin Cheng,Cantonese,Pop,,
Carrie Underwood,,Pop,,
Liam Payne,,Pop,,
Daya,,Pop,,
Alex & Sierra,,Pop,,
Owl City,,Pop,,
Don Li,Cantonese,Pop,,
Panic! At The Disco,,Pop,,
Alec Benjamin,,Pop,,
Bea Miller,,Pop,,
Tosh Møller,,Other,,
Eric Badanti,,Other,,
Sigrid Vass,,Other,,
Mewael Yemane,,Other,,
Eric Cadogan,,Other,,
Valbona Ceferin,,Other,,
Quinn MacKenzie,,Other,,
Rebecca Leonard,,Other,,
Patrizio Pisani,,Other,,
Jacob LaVallee,,Other,,
Pied-à-Terre,,Other,,
Julien Thorsen,,Other,,
Haru Kitamura,,Other,,
Jan Thiel,,Other,,
Mi Soon,,Other,,
Thomasine Robinson,,Other,,
Sufi Sheman,,Other,,
Germain Lesage,,Other,,
Kyran Martin,,Other,,
Ever So Blue,,Other,,
Stephan Moccio,,Other,,
Stellar,Korean,Pop,Ballad,
張德蘭,Cantonese,Pop,Ballad,
Charles Gounod,Other Euro,Classical,Opera,
Jules Massenet,British,Classical,,
Norah Jones,,Alternative Rock,Neo Mellow,
Train,,Alternative Rock,Neo Mellow,
WALK THE MOON,,Alternative Rock,Neo Mellow,
Jason Mraz,,Alternative Rock,Neo Mellow,
Colbie Caillat,,Alternative Rock,Neo Mellow,
A Great Big World,,Alternative Rock,Neo Mellow,
Neon Trees,,Alternative Rock,Neo Mellow,
fun,,Alternative Rock,Neo Mellow,
Passenger,,Alternative Rock,Neo Mellow,
Gavin DeGraw,,Alternative Rock,Neo Mellow,
Sara Bareilles,,Alternative Rock,Neo Mellow,
Mandy Moore,,Alternative Rock,Neo Mellow,
Mumford & Sons,,Alternative Rock,Neo Mellow,
Lily Allen,,Alternative Rock,Neo Mellow,
Vanessa Carlton,,Alternative Rock,Neo Mellow,
James Blunt,,Alternative Rock,Neo Mellow,
Ben Rector,,Alternative Rock,Neo Mellow,
Plain White T's,,Alternative Rock,Neo Mellow,
Kodaline,,Alternative Rock,Neo Mellow,
Birdy,,Alternative Rock,Neo Mellow,
Andy Grammer,,Alternative Rock,Neo Mellow,
Flesh Juicer,Mandarin,Metal,,
Bon Jovi,,Metal,,
Red Hot Chili Peppers,,Metal,,
Heart,,Metal,,
Ghost,,Metal,,
blink-182,,Metal,,
The Offspring,,Metal,,
Norah Jones,,Jazz,,
Joanna Wang,Mandarin,Jazz,,
TIA RAY,Mandarin,Jazz,,
Loi,,Jazz,,
Billie Holiday,,Jazz,,
Doris Day,,Jazz,,
Bianca Wu,Mandarin,Jazz,,
Stormzy,British,Hip Hop,,
Ciara,,Hip Hop,,
Chantel Jeffries,American/Canadian,Hip Hop,,
Kodak Black,,Hip Hop,,
French Montana,American/Canadian,Hip Hop,,
Nipsey Hussle,American/Canadian,Hip Hop,,
French Montana,,Hip Hop,,
Lil Nas X,,Hip Hop,,
Childish Gambino,,Hip Hop,,
DJ Khaled,American/Canadian,Hip Hop,,
Sean Kingston,American/Canadian,Hip Hop,,
Nicki Minaj,American/Canadian,Hip Hop,,
USHER,,Hip Hop,,
USHER,American/Canadian,Hip Hop,,
Far East Movement,American/Canadian,Hip Hop,,
B.o.B,,Hip Hop,,
B.o.B,American/Canadian,Hip Hop,,
Offset,,Hip Hop,,
Migos,,Hip Hop,,
Tory Lanez,American/Canadian,Hip Hop,,
Aitch,British,Hip Hop,,
Lil Baby,,Hip Hop,,
Luniz,American/Canadian,Hip Hop,,
Young Thug,,Hip Hop,,
DaBaby,American/Canadian,Hip Hop,,
Soulja Boy,,Hip Hop,,
Hua Chen Yu,Mandarin,Hip Hop,,
MC HotDog,Mandarin,Hip Hop,,
Rae Sremmurd,American/Canadian,Hip Hop,,
Lizzo,American/Canadian,Hip Hop,,
G-Eazy,American/Canadian,Hip Hop,,
Wale,American/Canadian,Hip Hop,,
N.E.R.D,American/Canadian,Hip Hop,,
B Young,British,Hip Hop,,
Future,,Hip Hop,,
Future,American/Canadian,Hip Hop,,
Russ,American/Canadian,Hip Hop,,
Eminem,American/Canadian,Hip Hop,,
Meek Mill,American/Canadian,Hip Hop,,
Drake,American/Canadian,Hip Hop,,
Chance the Rapper,,Hip Hop,Conscious,
Carmouflage Rose,Australian/Nz,Hip Hop,,
Kendrick Lamar,,Hip Hop,Conscious,
Era Istrefi,American/Canadian,Hip Hop,,
Missy Elliott,American/Canadian,Hip Hop,,
Ty Dolla $ign,American/Canadian,Hip Hop,,
A.CHAL,American/Canadian,Hip Hop,,
Mr Eazi,American/Canadian,Hip Hop,,
Roy Woods,American/Canadian,Hip Hop,,
Pitbull,American/Canadian,Hip Hop,,
LunchMoney Lewis,American/Canadian,Hip Hop,,
Jack Harlow,American/Canadian,Hip Hop,,
Nicky Jam,Latino,Hip Hop,,
Ali Gatie,American/Canadian,Hip Hop,,
Day1,Australian/Nz,Hip Hop,,
Giggs,British,Hip Hop,,
Kevin Gates,American/Canadian,Hip Hop,,
Joyner Lucas,American/Canadian,Hip Hop,,
Tee Grizzley,American/Canadian,Hip Hop,,
Jeremih,American/Canadian,Hip Hop,,
ZaeHD & CEO,American/Canadian,Hip Hop,,
Aminé,American/Canadian,Hip Hop,,
Aminé,,Hip Hop,,
Deep Jandu,,Hip Hop,,
Deep Jandu,Other Asian,Hip Hop,,
mgk,American/Canadian,Hip Hop,,
Trunk Boiz,American/Canadian,Hip Hop,,
NLE Choppa,,Hip Hop,,
D Smoke,,Hip Hop,Conscious,
Big Sean,American/Canadian,Hip Hop,,
JayDaYoungan,American/Canadian,Hip Hop,,
Gucci Mane,,Hip Hop,,
Gucci Mane,American/Canadian,Hip Hop,,
NAV,American/Canadian,Hip Hop,,
88GLAM,American/Canadian,Hip Hop,,
K CAMP,,Hip Hop,,
K CAMP,American/Canadian,Hip Hop,,
T.I.,,Hip Hop,,
T.I.,American/Canadian,Hip Hop,,
Iggy Azalea,Australian/Nz,Hip Hop,,
A$AP Ferg,American/Canadian,Hip Hop,,
Kid Ink,American/Canadian,Hip Hop,,
2 Chainz,,Hip Hop,,
2 Chainz,American/Canadian,Hip Hop,,
Major Nine,American/Canadian,Hip Hop,,
Burna Boy,Afro,Hip Hop,,
Gyptian,,Hip Hop,Conscious,
Mike WiLL Made-It,,Hip Hop,,
Mike WiLL Made-It,American/Canadian,Hip Hop,,
瘦子E.SO,Mandarin,Hip Hop,,
Gunna,,Hip Hop,,
August Alsina,American/Canadian,Hip Hop,,
The Kid LAROI,Australian/Nz,Hip Hop,,
No Money Enterprise,Australian/Nz,Hip Hop,,
ONEFOUR,Australian/Nz,Hip Hop,,
Mala Rodríguez,Latino,Hip Hop,,
Rich The Kid,,Hip Hop,,
Lil Yachty,,Hip Hop,,
Moneybagg Yo,American/Canadian,Hip Hop,,
Takagi & Ketra,Other Euro,Hip Hop,,
Trey Songz,American/Canadian,Hip Hop,,
Bow Wow,American/Canadian,Hip Hop,,
Plies,American/Canadian,Hip Hop,,
Travis Porter,,Hip Hop,,
Travis Porter,American/Canadian,Hip Hop,,
Young Money,American/Canadian,Hip Hop,,
Baby Bash,Latino,Hip Hop,,
Baby Bash,American/Canadian,Hip Hop,,
Omarion,American/Canadian,Hip Hop,,
Fetty Wap,American/Canadian,Hip Hop,,
Jony J,Mandarin,Hip Hop,,
G22,Mandarin,Hip Hop,,
婁峻碩,Mandarin,Hip Hop,,
Kings,Australian/Nz,Hip Hop,,
Soo Wincci,Latino,Hip Hop,,
Dizzy Dizzo,Mandarin,Hip Hop,,
Marz23,Mandarin,Hip Hop,,
玖壹壹,Mandarin,Hip Hop,,
Soft Lipa,Mandarin,Hip Hop,,
Miss Ko,Mandarin,Hip Hop,,
911,Mandarin,Hip Hop,,
W.M.L,Mandarin,Hip Hop,,
Ryan,Mandarin,Hip Hop,,
Cordae,,Hip Hop,Underground,
XXXTENTACION,American/Canadian,Hip Hop,,
Macklre,American/Canadian,Hip Hop,,
Ski Mask The Slump God,American/Canadian,Hip Hop,,
Ski Mask The Slump God,,Hip Hop,Underground,
Joey Bada$$,,Hip Hop,Conscious,
J. Cole,,Hip Hop,Conscious,
bbno$,American/Canadian,Hip Hop,,
Yung Gravy,American/Canadian,Hip Hop,,
Flo Rida,American/Canadian,Hip Hop,,
Kelly Rowland,,Hip Hop,,
112,,Hip Hop,,
Logic,,Hip Hop,Conscious,
DJ Paul,,Hip Hop,,
Blackillac,,Hip Hop,,
A!MS,,Hip Hop,,
CeeLo Green,,Hip Hop,,
Millyz,American/Canadian,Hip Hop,,
Makar,Other Euro,Hip Hop,,
Armani White,,Hip Hop,,
Florentina,Other Euro,Hip Hop,,
TLC,,Hip Hop,,
Outkast,,Hip Hop,,
Outkast,American/Canadian,Hip Hop,,
Frank Ocean,,Hip Hop,,
Macklre & Ryan Lewis,,Hip Hop,,
NICKTHEREAL,Mandarin,Hip Hop,,
頑童Mj116,Mandarin,Hip Hop,,
Smokepurpp,,Hip Hop,,
Smokepurpp,,Hip Hop,Underground,
Ryan.B,Mandarin,Hip Hop,,
Jayegovember,Mandarin,Hip Hop,,
DMX,American/Canadian,Hip Hop,,
DMX,,Hip Hop,,
Nipsey Hussle,,Hip Hop,,
Hooverphonic,,Hip Hop,,
Wiz Khalifa,,Hip Hop,,
DJ Khaled,,Hip Hop,,
Nelly,,Hip Hop,,
T-Pain,,Hip Hop,,
YG,,Hip Hop,,
Tyga,,Hip Hop,,
DaBaby,,Hip Hop,,
Kanye West,,Hip Hop,,
The Game,,Hip Hop,,
Snoop Dogg,,Hip Hop,,
"Tyler, The Creator",,Hip Hop,,
N.E.R.D,,Hip Hop,,
Mac Miller,,Hip Hop,,
Fabolous,,Hip Hop,,
Eminem,,Hip Hop,,
Meek Mill,,Hip Hop,,
Drake,,Hip Hop,,
Chance the Rapper,,Hip Hop,,
Kendrick Lamar,,Hip Hop,,
Missy Elliott,,Hip Hop,,
Ty Dolla $ign,,Hip Hop,,
Lil Uzi Vert,,Hip Hop,,
Jack Harlow,,Hip Hop,,
Baby Keem,,Hip Hop,,
Joyner Lucas,,Hip Hop,,
Big Sean,,Hip Hop,,
A$AP Ferg,,Hip Hop,,
Pop Smoke,,Hip Hop,,
Cordae,,Hip Hop,,
JAY-Z,,Hip Hop,,
Ski Mask The Slump God,,Hip Hop,,
Joey Bada$$,,Hip Hop,,
Dreamville,,Hip Hop,,
J. Cole,,Hip Hop,,
Naughty By Nature,,Hip Hop,,
Lil Wayne,,Hip Hop,,
Logic,,Hip Hop,,
NF,,Hip Hop,,
Nicki Minaj,,Hip Hop,,
Keyshia Cole,,Hip Hop,,
Miracle Tones,British,Pop,Indie Pop,
Luniz,,Funk,,
Snoop Dogg,,Funk,,
Kurupt,,Funk,,
"Earth, Wind & Fire",,Funk,,
Clean Bandit,British,Funk,,
Rudimental,British,Funk,,
MC Kevinho,,Funk,,
翁倩玉,Mandarin,Pop,Campus Folk,
尤雅,Mandarin,Pop,Campus Folk,
劉家昌,Mandarin,Pop,Campus Folk,
Tsai Chin,Mandarin,Pop,Campus Folk,
張艾嘉,Mandarin,Pop,Campus Folk,
南方二重唱,Mandarin,Pop,Campus Folk,
Chyi Chin,Mandarin,Pop,Campus Folk,
陳蘭麗,Mandarin,Pop,Campus Folk,
孫建平,Mandarin,Pop,Campus Folk,
蔡幸娟,Mandarin,Pop,Campus Folk,
潘安邦,Mandarin,Pop,Campus Folk,
羅大佑,Mandarin,Pop,Campus Folk,
Rosie Carney,,Pop,Folk,
Lucy Rose,,Pop,Folk,
林祥園,Mandarin,Pop,Folk,
Mumford & Sons,,Pop,Folk,
Nathaniel Rateliff & The Night Sweats,,Pop,Folk,
The National,,Pop,Folk,
Havelin,American/Canadian,Pop,Folk,
Mao Buyi,Mandarin,Pop,Folk,
陳粒,Mandarin,Pop,Folk,
Zhao Lei,Mandarin,Pop,Folk,
宋冬野,Mandarin,Pop,Folk,
A Si,Mandarin,Pop,Folk,
Hao Yun,Mandarin,Pop,Folk,
好妹妹,Mandarin,Pop,Folk,
Li Jian,Mandarin,Pop,Folk,
George Ezra,,Pop,Folk,
Moux,British,Pop,Indie Pop,
Calvin Harris,,Edm,,
Dillon Francis,,Edm,,
Tiësto,,Edm,,
Martin Garrix,Other Euro,Edm,,
Johnning,,Edm,,
Alex Skrindo,,Edm,,
Dimitri Vegas & Like Mike,Other Euro,Edm,,
K-391,,Edm,,
Lost Frequencies,Other Euro,Edm,,
Different Heaven,,Edm,,
Daft Punk,,Edm,Electrohouse,
Tiësto,,Edm,Electrohouse,
DVBBS,,Edm,Electrohouse,
Vicetone,,Edm,Electrohouse,
Syn Cole,,Edm,Electrohouse,
Marshmello,,Edm,Electrohouse,
Dimitri Vegas & Like Mike,,Edm,Electrohouse,
Thomas Gold,,Edm,Electrohouse,
Florian Picasso,,Edm,Electrohouse,
Mike Hawkins,,Edm,Electrohouse,
Galantis,,Edm,Electrohouse,
Swedish House Mafia,,Edm,Electrohouse,
Axwell /\ Ingrosso,,Edm,Electrohouse,
Alesso,,Edm,Electrohouse,
Otto Knows,,Edm,Electrohouse,
DubVision,,Edm,Electrohouse,
Hardwell,,Edm,Electrohouse,
Kaskade,,Edm,Electrohouse,
Calvin Harris,,Edm,Electrohouse,
Dillon Francis,,Edm,Electrohouse,
Hardwell,,Edm,Dutchhouse,
Kaskade,,Edm,House,
Calvin Harris,,Edm,House,
Alan Walker,,Edm,Electrohouse,
MEDUZA,,Edm,House,
Adon,,Edm,Chillhouse,
Adon,,Edm,Tropicalhouse,
Kygo,,Edm,Tropicalhouse,
Tiësto,,Edm,Slaphouse,
Martin Garrix,,Edm,Progressive House,
Major Lazer,,Edm,Electrohouse,
Regard,,Edm,Slaphouse,
Travis Scott,,Edm,Slaphouse,
DVBBS,,Edm,Dutchhouse,
DVBBS,,Edm,Electrohouse,
DVBBS,,Edm,Slaphouse,
Flux Pavilion,,Edm,Electrohouse,
Sam Feldt,,Edm,Tropicalhouse,
Vicetone,,Edm,Electrohouse,
Syn Cole,,Edm,Tropicalhouse,
SAINt JHN,,Edm,Slaphouse,
ZHU,,Edm,Electrohouse,
Duke Dumont,,Edm,Progressive House,
Valentino Khan,,Edm,Electrohouse,
Steve Aoki,,Edm,Electrohouse,
Steve Void,,Edm,Slaphouse,
Jonas Blue,,Edm,Tropicalhouse,
CamelPhat,,Edm,Progressive House,
San Holo,,Edm,Electrohouse,
Dimitri Vegas & Like Mike,,Edm,Electrohouse,
Thomas Gold,,Edm,Electrohouse,
Thomas Gold,,Edm,Progressive House,
Florian Picasso,,Edm,Dutchhouse,
Florian Picasso,,Edm,Dutchhouse,
Florian Picasso,,Edm,Progressive House,
Felix Jaehn,,Edm,Tropicalhouse,
VIZE,,Edm,Slaphouse,
Cash Cash,,Edm,Electrohouse,
Besomorph,,Edm,Slaphouse,
Party Favor,,Edm,Electrohouse,
K-391,,Edm,Nordichouse,
AFROJACK,,Edm,Dutchhouse,
AFROJACK,,Edm,Electrohouse,
Tom Santa,,Edm,Stutterhouse,
ACRAZE,,Edm,Techhouse,
Lost Frequencies,,Edm,Tropicalhouse,
Thomas Lizzara,Other Euro,Edm,Electrohouse,
Jack Ü,,Edm,Electrohouse,
DubVision,Other Euro,Edm,Electrohouse,
DubVision,,Edm,Electrohouse,
DubVision,,Edm,Progressive House,
Diplo,,Edm,Electrohouse,
Kaskade,,Edm,,
Young Bombs,,Edm,,
Disciples,,Edm,House,
MEDUZA,,Edm,,
Kygo,,Edm,,
Martin Garrix,,Edm,,
Major Lazer,,Edm,,
Avicii,,Edm,,
Loud Luxury,,Edm,,
Zedd,,Edm,,
DVBBS,,Edm,,
Flux Pavilion,,Edm,,
Sam Feldt,,Edm,,
Cheat Codes,,Edm,,
DJ Snake,,Edm,,
Peking Duk,,Edm,,
Vicetone,,Edm,,
Syn Cole,,Edm,,
Marshmello,,Edm,,
ZHU,,Edm,,
Duke Dumont,,Edm,,
Valentino Khan,,Edm,,
Steve Aoki,,Edm,,
Skrillex,,Edm,,
San Holo,,Edm,,
Jax Jones,,Edm,,
Dimitri Vegas & Like Mike,,Edm,,
Thomas Gold,,Edm,,
David Guetta,,Edm,,
Florian Picasso,,Edm,,
Felix Jaehn,,Edm,,
Cash Cash,,Edm,,
Party Favor,,Edm,,
twocolors,,Edm,,
Galantis,,Edm,,
Gryffin,,Edm,,
AFROJACK,,Edm,,
Swedish House Mafia,,Edm,,
Lost Frequencies,,Edm,,
Axwell /\ Ingrosso,,Edm,,
Alesso,,Edm,,
Otto Knows,,Edm,,
Jack Ü,,Edm,,
DubVision,,Edm,,
Sigala,,Edm,,
Disclosure,,Edm,,
Diplo,,Edm,,
ILLENIUM,,Edm,,
Dillon Francis,,Dubstep,Brostep,
Calvin Harris,British,Dance,,
Kesha,,Dance,,
Dillon Francis,,Dance,,
Disciples,British,Dance,,
Topic,Other Euro,Dance,,
Topic,British,Dance,,
MEDUZA,British,Dance,,
Regard,British,Dance,,
Clean Bandit,British,Dance,,
Duke Dumont,British,Dance,,
Karen Harding,British,Dance,,
Riton,British,Dance,,
Snakehips,British,Dance,,
Jonas Blue,British,Dance,,
CamelPhat,British,Dance,,
Bag Raiders,Australian/Nz,Dance,,
Jax Jones,British,Dance,,
Dimitri Vegas & Like Mike,Other Euro,Dance,,
Aqua,,Dance,,
Felix Jaehn,Other Euro,Dance,,
Felix Jaehn,British,Dance,,
VIZE,Other Euro,Dance,,
Timmy Trumpet,Australian/Nz,Dance,,
Rudimental,British,Dance,,
Gestört aber GeiL,Other Euro,Dance,,
James Hype,British,Dance,,
Enya,,Dance,,
Sigala,British,Dance,,
Disclosure,British,Dance,,
Jess Glynne,,Dance,,
Mr Eazi,North Euro,Dance,,
Ciara,,Dance,,
Spice Girls,,Dance,,
Olly Alexander (Years & Years),,Dance,,
Calvin Harris,,Dance,,
Camila Cabello,,Dance,,
Train,,Dance,,
P!nk,,Dance,,
Pharrell Williams,,Dance,,
Justin Timberlake,,Dance,,
Olly Murs,,Dance,,
Ella Henderson,,Dance,,
Britney Spears,,Dance,,
Jason Mraz,,Dance,,
Jason Derulo,,Dance,,
Sean Kingston,,Dance,,
Jay Sean,,Dance,,
Iyaz,,Dance,,
Jesse McCartney,,Dance,,
Nelly,,Dance,,
Taio Cruz,,Dance,,
USHER,,Dance,,
Ne-Yo,,Dance,,
Cher Lloyd,,Dance,,
Far East Movement,,Dance,,
Gym Class Heroes,,Dance,,
T-Pain,,Dance,,
B.o.B,,Dance,,
Jordin Sparks,,Dance,,
Doja Cat,,Dance,,
Soulja Boy,,Dance,,
Akon,,Dance,,
Bruno Mars,,Dance,,
Shontelle,,Dance,,
Destiny's Child,,Dance,,
DNCE,,Dance,,
Mariah Carey,American/Canadian,Dance,,
Major Lazer,,Dance,,
Colbie Caillat,,Dance,,
Avicii,,Dance,,
Black Eyed Peas,,Dance,,
Kelly Clarkson,,Dance,,
Dua Lipa,,Dance,,
DJ Snake,,Dance,,
Shakira,,Dance,,
Rita Ora,,Dance,,
Lady Gaga,,Dance,,
Fergie,,Dance,,
Missy Elliott,,Dance,,
Tove Lo,,Dance,,
Pitbull,,Dance,,
Carly Rae Jepsen,,Dance,,
Jax Jones,,Dance,,
Sean Paul,,Dance,,
David Guetta,,Dance,,
Iggy Azalea,,Dance,,
Avril Lavigne,,Dance,,
LMFAO,,Dance,,
The Wanted,,Dance,,
Cash Cash,,Dance,,
Pia Mia,,Dance,,
Trey Songz,,Dance,,
Mike Posner,,Dance,,
Bow Wow,,Dance,,
Omarion,,Dance,,
The Pussycat Dolls,,Dance,,
Natasha Bedingfield,,Dance,,
Jessie J,,Dance,,
The Saturdays,,Dance,,
Bebe Rexha,,Dance,,
Christina Aguilera,,Dance,,
Savage Garden,,Dance,,
Mandy Moore,,Dance,,
Flo Rida,,Dance,,
JoJo,,Dance,,
Kelly Rowland,,Dance,,
Robin Thicke,,Dance,,
Timbaland,,Dance,,
Galantis,,Dance,,
Lily Allen,,Dance,,
Aaliyah,,Dance,,
*NSYNC,,Dance,,
Gwen Stefani,,Dance,,
Leona Lewis,,Dance,,
AFROJACK,,Dance,,
Sophie Ellis-Bextor,,Dance,,
TLC,,Dance,,
Nelly Furtado,,Dance,,
Alesso,,Dance,,
Carrie Underwood,,Dance,,
Sigala,,Dance,,
Diplo,,Dance,,
Bag Raiders,,Dance,,
Kelsea Ballerini,,Country,Contemporary,
Sam Hunt,,Country,Contemporary,
Hunter Hayes,,Country,Contemporary,
Tim McGraw,,Country,Contemporary,
Dan + Shay,,Country,Contemporary,
Rascal Flatts,,Country,Contemporary,
Shania Twain,American/Canadian,Country,,
Shania Twain,,Country,Contemporary,
Brantley Gilbert,,Country,Contemporary,
Brantley Gilbert,,Country,Modern,
Dolly Parton,,Country,Classical,
Morgan Wallen,,Country,Contemporary,
Zac Brown Band,,Country,Contemporary,
Zac Brown Band,,Country,Modern,
Lady A,,Country,Contemporary,
Carrie Underwood,,Country,Contemporary,
Lonestar,,Country,Contemporary,
Cole Swindell,,Country,Contemporary,
Cole Swindell,,Country,Modern,
RaeLynn,,Country,Contemporary,
Blake Shelton,,Country,Contemporary,
Russell Dickerson,,Country,Contemporary,
Russell Dickerson,,Country,Modern,
Faith Hill,,Country,Contemporary,
Cassadee Pope,,Country,Contemporary,
Cassadee Pope,,Country,Modern,
american Georgia Line,,Country,Contemporary,
american Georgia Line,,Country,Modern,
Kelsea Ballerini,,Country,,
Shania Twain,,Country,Dawn,
Dolly Parton,,Country,Dawn,
Lady A,,Country,Dawn,
Carrie Underwood,,Country,Dawn,
Faith Hill,,Country,Dawn,
Sam Hunt,,Country,,
Lady A,,Country,,
american Georgia Line,,Country,,
Hunter Hayes,,Country,,
Tim McGraw,,Country,,
Dan + Shay,,Country,,
Rascal Flatts,,Country,,
Brantley Gilbert,,Country,,
Zac Brown Band,,Country,,
Lonestar,,Country,,
Cole Swindell,,Country,,
RaeLynn,,Country,,
Blake Shelton,,Country,,
Russell Dickerson,,Country,,
Faith Hill,,Country,,
Cassadee Pope,,Country,,
James Arthur,,Country,,
Shania Twain,,Country,,
Dolly Parton,,Country,,
Carrie Underwood,,Country,,
Zedd,,Edm,Electrohouse,
Billie Holiday,American/Canadian,Jazz,,
Stan Walker,Australian/Nz,Other,Christian Music,
Lisa Ono,,Bossa Nova,Bossa Nova,
Elle King,,Blues,Blues,
Billie Holiday,,Blues,Blues,
Nathaniel Rateliff & The Night Sweats,,Blues,Blues,
Derek & The Dominos,British,Blues,Blues,
Derek & The Dominos,,Blues,Blues,
The Beach Boys,American/Canadian,Rock,Rock,
Max Richter,,Ambient,Ambient,
Oskar Schuster,,Ambient,Ambient,
Dmitri Shostakovich,,Ambient,Ambient,
Takagi & Ketra,Latino,Alt Z,,
Ximena Sariñana,Latino,Alt Z,,
Salty,Australian/Nz,Alt Z,,
Toploader,British,Alt Z,,
Hassan El Shafei,Arabic,Alt Z,,
龔鈺祺,Mandarin,Pop,,
羅綺,Mandarin,Rock,Rock,
羅鈾霞,Mandarin,Pop,,
Matisse,Other Euro,Other,Other,
Joanna Wang,Mandarin,Other,Other,
Liu Jiner,Mandarin,Other,Other,
陳潔麗,Mandarin,Other,Other,
Ivana Wong,Mandarin,Other,Other,
孙露,Mandarin,Other,Other,
谭艳,Mandarin,Other,Other,
Tsai Chin,Mandarin,Other,Other,
李尤,Mandarin,Other,Other,
劉紫玲,Mandarin,Other,Other,
李函曦,Mandarin,Other,Other,
Fan Yuanyuan,Mandarin,Other,Other,
文寧靜,Mandarin,Other,Other,
彭芳,Mandarin,Other,Other,
吳越,Mandarin,Other,Other,
梁紫丹,Mandarin,Other,Other,
龔玥,Mandarin,Other,Other,
Bianca Wu,Mandarin,Other,Other,
夏韶聲,Mandarin,Other,Other,
Johann Sebastian Bach,Other Euro,Classical,Classical,
George Frideric Handel,Other Euro,Classical,Classical,
Antonio Vivaldi,Other Euro,Classical,Classical,
Giuseppe Tartini,Other Euro,Classical,Classical,
Fuse ODG,Afro,Pop,,
Libianca,Afro,Pop,,
Treyy G,American/Canadian,Hip Hop,,
Timmy Trumpet,Australian/Nz,Edm,,
Jacob Vallen,North Euro,Pop,,
Alfons,Other Euro,Pop,,
羅美玲,Mandarin,Pop,,
羅文裕,Mandarin,Pop,,Singer Songwriter
羅文裕,Mandarin,Pop,,
羅大佑,Mandarin,Pop,,Singer Songwriter
羅大佑,Mandarin,Pop,,
魏嘉瑩 Arrow Wei,Mandarin,Pop,,Singer Songwriter
謝雷,Mandarin,Pop,,
賴雅妍,Mandarin,Pop,,
颜人中,Mandarin,Pop,,Singer Songwriter
鄭興,Mandarin,Pop,,Singer Songwriter
鄭智化,Mandarin,Pop,,Singer Songwriter
鄭智化,Mandarin,Pop,,
鄧福如 AFÜ,Mandarin,Pop,,Singer Songwriter
蔡淳佳,Mandarin,Pop,,Singer Songwriter
蒋蒋,Mandarin,Pop,,
歐得洋,Mandarin,Pop,,
趙英俊,Mandarin,Pop,,Singer Songwriter
萧萧,Mandarin,Pop,,
碧欣,Mandarin,Pop,,
廖小璇,Mandarin,Pop,,
電視劇原聲帶,Mandarin,Other,Other,
鄒暢,Mandarin,Pop,,
KAROL G,Latino,Reggae,,
J Balvin,Latino,Reggae,,
Sebastian Yatra,Latino,Reggae,,
Camilo,Latino,Reggae,,
The Weeknd,American/Canadian,R&B,R&B,
Jorja Smith,British,R&B,R&B,
Roy Woods,American/Canadian,R&B,R&B,
JP Saxe,American/Canadian,Pop,,
WizTheMc,American/Canadian,Hip Hop,,
劉詩詩,Mandarin,Drama,Drama,
Julia Peng,Mandarin,Drama,Drama,
叶炫清,Mandarin,Drama,Drama,
刘人语,Mandarin,Drama,Drama,
葉炫清,Mandarin,Drama,Drama,
曾咏欣,Mandarin,Drama,Drama,
Kodak Black,American/Canadian,Hip Hop,,
Youngn Lipz,American/Canadian,Hip Hop,,
Day1,American/Canadian,Hip Hop,,
Lil Tjay,American/Canadian,Hip Hop,,
Hooligan Hefs,American/Canadian,Hip Hop,,
KDM on the Track,American/Canadian,Hip Hop,,
Hp Boyz,American/Canadian,Hip Hop,,
Pop Smoke,American/Canadian,Hip Hop,,
Hooks,American/Canadian,Hip Hop,,
No Money Enterprise,American/Canadian,Hip Hop,,
The 046,American/Canadian,Hip Hop,,
Hotboii,American/Canadian,Hip Hop,,
Russ Millions,British,Drill,Drill,
Sleepy Hallow,American/Canadian,Hip Hop,,
Dou Wei,Mandarin,Experimental,Experimental,
戴廷翰,Mandarin,Pop,,
SLANG,Australian/Nz,Hip Hop,,
KUN,Mandarin,Pop,,
Jerry Yan,Mandarin,Pop,,
詹雯婷,Mandarin,Rock,Rock,Singer Songwriter
詹雯婷,Mandarin,Experimental,Experimental,
葉柔,Mandarin,Pop,,
Dou Wei,Mandarin,Pop,,
Peking Duk,Australian/Nz,Pop,,
深藍,Mandarin,Pop,,
宋冬野,Mandarin,Pop,,
万能青年旅店,Mandarin,Pop,,
那我懂你意思了,Mandarin,Pop,,
Misi Ke,Mandarin,Pop,,
魚丁糸,Mandarin,Pop,,
Anniedora,Mandarin,Pop,,
逃跑计划EscapePlan,Mandarin,Pop,,
Buddha Jump,Mandarin,Pop,,
牛奶@咖啡,Mandarin,Pop,,
南瓜妮歌迷俱樂部,Mandarin,Pop,,
郭顶,Mandarin,Pop,,
Our Shame,Mandarin,Pop,,
The Life Journey,Mandarin,Pop,,
依錚依靜,Mandarin,Pop,,
Pu Shu,Mandarin,Pop,,
Thelma Plum,Australian/Nz,Pop,,
米莎,Mandarin,Pop,,
Kaiel Chen,Mandarin,Pop,,
李泰祥,Mandarin,Pop,,
楊燦明,Mandarin,Pop,,
楊坤,Mandarin,Pop,,
黃磊,Mandarin,Pop,,
黃蜀娟,Mandarin,Pop,,
黃衍濛,Mandarin,Pop,,
黃星僑,Mandarin,Pop,,
雅立,Mandarin,Pop,,
程琳 Cheng Lin,Mandarin,Pop,,
痞客四,Mandarin,Rock,Rock,
焦邁奇,Mandarin,Pop,,Singer Songwriter
曾寶儀,Mandarin,Pop,,
斑马森林,Mandarin,Pop,,
單依純,Mandarin,Pop,,
黄龄,Mandarin,Pop,,
黄龄,Mandarin,Jazz,Jazz,
陶莉萍,Mandarin,Pop,,
陳粒,Mandarin,Pop,,Singer Songwriter
陳粒,Mandarin,Pop,,
陳柯宇,Mandarin,Electronic,Electronic,Singer Songwriter
陳建年,Mandarin,Pop,,Singer Songwriter
陳建年,Mandarin,Other,World Music,
郭雯雯 (风采姐妹),Mandarin,Pop,,
郭顶,Mandarin,Pop,,Singer Songwriter
許光漢,Mandarin,Pop,,
莫非定律乐团,Mandarin,Rock,Rock,
莫非定律乐团,Mandarin,Pop,,
深藍,Mandarin,Pop,,Singer Songwriter
梁琳,Mandarin,Pop,,
張簡君偉,Mandarin,Pop,,Singer Songwriter
張國穎,Mandarin,Pop,,
張若凡RuoFan,Mandarin,Pop,,
張洪量,Mandarin,Pop,,Singer Songwriter
張明敏,Mandarin,Pop,,
馬雲,Mandarin,Pop,,
苏运莹,Mandarin,Pop,,
桑布伊,Mandarin,Pop,,
桑布伊,Mandarin,Other,World Music,
時一修,Mandarin,Pop,,
悦开心,Mandarin,Pop,,
徐良,Mandarin,Pop,,
展展与罗罗,Mandarin,Pop,,
孫楠,Mandarin,Pop,,
音阙诗听,Mandarin,Pop,,
MK,British,Electronic,Electronic,
Flesh Juicer,Mandarin,Metal,Metal,
郑莉莉,Mandarin,Pop,,
赵照,Mandarin,Pop,,Singer Songwriter
Edward Elgar,British,Classical,Classical,
George Gershwin,American/Canadian,Classical,Classical,
Sleazy Stereo,British,Electronic,Electronic,
Danny Wilson,British,Rock,Rock,
胡家誠,Mandarin,Pop,,Singer Songwriter
柯智棠,Mandarin,Pop,,Singer Songwriter
侯俊辉,Mandarin,Pop,,
陈瑞,Mandarin,Pop,,
陈丽媚,Mandarin,Pop,,
陈冰,Mandarin,Pop,,
Dou Wei,Mandarin,Rock,Rock,
Tame Impala,Australian/Nz,Rock,Rock,
Fire EX.,Mandarin,Punk,,
花兒樂隊,Mandarin,Punk,,
Loi,Other Asian,Pop,,
Billie Holiday,American/Canadian,Jazz,Jazz,
Ludwig van Beethoven,Other Euro,Classical,Classical,
Johannes Brahms,Other Euro,Classical,Classical,
Carl Maria von Weber,Other Euro,Classical,Classical,
Felix Mendelssohn,Other Euro,Classical,Classical,
祁隆,Mandarin,Pop,,
泗泾,Mandarin,Pop,,
林倛玉,Mandarin,Pop,,
林昱東,Mandarin,Pop,,
林京燁,Mandarin,Pop,,
易烊千璽,Mandarin,Pop,,
汪佩蓉,Mandarin,Pop,,Singer Songwriter
李灌晏,Mandarin,Pop,,
李慧珍,Mandarin,Pop,,
李羿慧,Mandarin,Pop,,
李宗盛,Mandarin,Pop,,Singer Songwriter
妍狗,Mandarin,Rap,Rap,
妍狗,Mandarin,Hip Hop,,
呂允,Mandarin,Pop,,
吳青峰,Mandarin,Pop,,Singer Songwriter
利綺,Mandarin,Pop,,
许飞,Mandarin,Pop,,Singer Songwriter
江念庭,Mandarin,Pop,,
安溥,Mandarin,Pop,,Singer Songwriter
刘人语,Mandarin,Pop,,Singer Songwriter
全體,Mandarin,Pop,,
光澤,Mandarin,Pop,,
光澤,Mandarin,R&B,R&B,
光头华夏,Mandarin,Pop,,
田一龙,Mandarin,Pop,,
四個朋友,Mandarin,Pop,,
王源,Mandarin,Pop,,Singer Songwriter
王野,Mandarin,Pop,,
王天戈fenella,Mandarin,Pop,,
方雅賢,Cantonese,Pop,,
小霞,Mandarin,Pop,,
小賤,Mandarin,Pop,,
小球(莊鵑瑛),Mandarin,Pop,,Singer Songwriter
上山安娜,Mandarin,Pop,,
万能青年旅店,Mandarin,Rock,Rock,
人力飛行劇團,Mandarin,Experimental,Experimental,
ZICO,Korean,Hip Hop,,
ZICO,Korean,Pop,,
ZICO,Korean,R&B,R&B,
Zhang Zhen Yue,Mandarin,Pop,,Singer Songwriter
Zhang Zhen Yue,Mandarin,Rock,Rock,Singer Songwriter
Zhang Yu Sheng,Mandarin,Pop,,Singer Songwriter
Zhang Bichen,Mandarin,Pop,,
Zhan Ai Ling 湛爱铃,Mandarin,Pop,,
Zendaya,American/Canadian,Pop,,
Zendaya,American/Canadian,R&B,R&B,
Zach Bryan,American/Canadian,Country,Country,
Zach Bryan,American/Canadian,R&B,R&B,
Yung Gleesh,,Hip Hop,,
Yung Gleesh,American/Canadian,Hip Hop,,
Yuan Wei Ren,Mandarin,Pop,,Singer Songwriter
Yo-Yo Ma,American/Canadian,Classical,Classical,
YoungBoy Never Broke Again,American/Canadian,Hip Hop,,
Young Thug,American/Canadian,Hip Hop,,
Yo Lee,Korean,Pop,,Singer Songwriter
YNG ONE,Korean,Pop,,
Xu Wei,Mandarin,Rock,Rock,Singer Songwriter
Xiao Yu,Mandarin,Pop,,Singer Songwriter
Wu Bai,Mandarin,Rock,Rock,Singer Songwriter
WINNER,Korean,Pop,,
William Singe,Australian/Nz,Pop,,
Why Don't We,American/Canadian,Pop,,
WeiBird,Mandarin,Pop,,Singer Songwriter
Wang Feng,Mandarin,Pop,,Singer Songwriter
Wang Feng,Mandarin,Rock,Rock,
Waa Wei,Mandarin,Pop,,Singer Songwriter
Vivian Hsu,Mandarin,Pop,,Singer Songwriter
Vicky Chen,Mandarin,Pop,,Singer Songwriter
Veronica Vega,Latino,Pop,,
Vera Yen,Mandarin,Pop,,Singer Songwriter
Vanessa Carlton,American/Canadian,Pop,,
Vance Joy,American/Canadian,Pop,,
Valentino Khan,American/Canadian,Edm,,
Vala Capon,American/Canadian,Pop,,
Union J,British,Pop,,Boy Band
Tyllionaire,American/Canadian,Hip Hop,,
Tyler Shaw,American/Canadian,Pop,,
Twenty One Pilots,American/Canadian,Rock,Rock,
Tom Petty and the Heartbreakers,American/Canadian,Rock,Rock,
Tom Odell,British,Pop,,
Tom Aldredge,American/Canadian,Country,Country,
Ennio Morricone,Other Euro,Classical,Classical,
許昊珂,Mandarin,Pop,,
陳建騏,Mandarin,Pop,,
Gavin Creel,American/Canadian,Other,Other,
Craig Armstrong,British,Classical,Classical,
Ilan Eshkeri,British,Classical,Classical,
Harold Faltermeyer,American/Canadian,Electronic,Electronic,
電視原聲帶,Mandarin,Pop,,
Eric IV,Other Euro,Classical,Classical,
Toby Ganger,American/Canadian,Hip Hop,,
TLC,American/Canadian,R&B,R&B,
Zedd,Other Euro,Edm,,
Thomas Gold,Other Euro,Edm,,
Luciano Pavarotti,Other Euro,Classical,Classical,
Sada Baby,American/Canadian,Hip Hop,,
Kodak Black,Latino,Hip Hop,,
Hooligan Hefs,Australian/Nz,Hip Hop,,
Lindasson,North Euro,Pop,,
Mike Perry,American/Canadian,Edm,,
Lisa Ono,Japanese,Pop,,
TKO,American/Canadian,Hip Hop,,
Timeflies,American/Canadian,Pop,,
Tim McGraw,American/Canadian,Country,Country,
Dillon Francis,American/Canadian,Edm,,
倪安東,Mandarin,Pop,,
Thomston,Australian/Canadian,Pop,,
Thomas Newman,Australian/Nz,Classical,Classical,
The Wanted,British,Pop,,Boy Band
The Verve,British,Rock,Rock,
THE SCOTTS,Australian/Nz,Hip Hop,,
The Scandalous Playaz,American/Canadian,Hip Hop,,
The Saturdays,British,Pop,,Girl Group
The Rose,Korean,Pop,,
The Pussycat Dolls,American/Canadian,Pop,,
The Offspring,Australian/Nz,Rock,Rock,
The National,Australian/Nz,Rock,Rock,
The Killers,Australian/Nz,Rock,Rock,
The Hit Crew,American/Canadian,Hip Hop,,
The Carters,American/Canadian,Hip Hop,,
The Beach Boys,American/Canadian,Rock,Rock,Singer Songwriter
TFBOYS,Mandarin,Pop,,
Terry Mann,American/Canadian,R&B,R&B,
Tenchi,Japanese,Pop,,
Teddy Swims,American/Canadian,R&B,R&B,
Tauren Wells,American/Canadian,Other,Christian Music,
Tapper Zukie,Latino,Reggae,Dancehall,
Tanya Chua,Mandarin,Pop,,Singer Songwriter
Tank Lu,Mandarin,Pop,,
Tanjent,American/Canadian,Electronic,,
TALK,American/Canadian,Edm,Electrohouse,
Tainy,Latino,Reggae,,
Syn Cole,North Euro,Edm,,
SYML,American/Canadian,Rock,,
Ruel,American/Canadian,Pop,,
CXLOE,American/Canadian,R&B,,
The Neighbourhood,American/Canadian,Rock,,
Portugal. The Man,American/Canadian,Rock,,
THE ANXIETY,American/Canadian,Rock,,
Baby Queen,British,Pop,,
Susan Egan,American/Canadian,Other,,
SuperM,Korean,Pop,,
Sunny Daze,American/Canadian,Hip Hop,,
Sublime,American/Canadian,Rock,,
Stray Kids,Korean,Pop,,
Shadia,Arabic,Pop,,
Erik Satie,Other Euro,Classical,,
Jovem Dex,Latino,Funk,,
San Holo,Other Euro,Electronic,,
LLusion,American/Canadian,Hip Hop,,
Hardwell,Other Euro,Electronic,,
Anuel AA,Latino,Reggae,,
Westlife,British,Pop,,
One Direction,British,Pop,,Boy Band
Kova,American/Canadian,Pop,,
Edward Elgar,British,Classical,,
Sleepy Dogs,American/Canadian,Hip Hop,,
MC Kevinho,Latino,Funk,,
Yo-Yo Ma,American/Canadian,Classical,,
Antonín Dvořák,Other Euro,Classical,,
Pablo de Sarasate,Other Euro,Classical,,
Manuel de Falla,Other Euro,Classical,,
Frédéric Chopin,Other Euro,Classical,,
Gesaffelstein,Other Euro,Edm,,
Ciara,American/Canadian,R&B,,
Jennifer Hudson,American/Canadian,R&B,,
John Legend,American/Canadian,R&B,,
Rihanna,Latino,R&B,,
Nelly,American/Canadian,Hip Hop,,
USHER,American/Canadian,R&B,,
Ne-Yo,American/Canadian,R&B,,
Jordin Sparks,American/Canadian,Pop,,
Destiny's Child,American/Canadian,R&B,,
Mariah Carey,American/Canadian,Pop,,
PARTYNEXTDOOR,American/Canadian,R&B,,
Fabolous,American/Canadian,Hip Hop,,
Ray J,American/Canadian,R&B,,
Jeremih,American/Canadian,R&B,,
Jennifer Lopez,American/Canadian,Pop,,
Keyshia Cole,American/Canadian,R&B,,
August Alsina,American/Canadian,R&B,,
Trey Songz,American/Canadian,R&B,,
Omarion,American/Canadian,R&B,,
Miguel,American/Canadian,R&B,,
Boyz II Men,American/Canadian,R&B,,
Kelly Rowland,American/Canadian,R&B,,
112,American/Canadian,R&B,,
Robin Thicke,American/Canadian,Pop,,
Aaliyah,American/Canadian,R&B,,
TLC,American/Canadian,R&B,,
Andy Angel,American/Canadian,Edm,,
Flying Fingers,American/Canadian,Edm,,
Disney Peaceful Piano,American/Canadian,Edm,,
Dualities,American/Canadian,Edm,,
Braaten & Chrit Leaf,American/Canadian,Electronic,,
Touch Sensitive,Australian/Nz,Electronic,,
Bag Raiders,Australian/Nz,Electronic,,
ROSALÍA,Other Euro,R&B,,
Daft Punk,Other Euro,Edm,,
Lunay,Other Euro,Reggae,,
Anuel AA,Other Euro,Reggae,,
Stromae,Other Euro,Edm,,
STORME,Other Euro,Pop,,
Stevie Hoang,Other Euro,Pop,,
Steve Modana,Other Euro,Pop,,
Stephen Sondheim,American/Canadian,Other,,
Stephen Schwartz,Other Euro,Hip Hop,,
Stefanie Sun,Mandarin,Rap,,Singer Songwriter
Starr Lyfe,Other Euro,Rap,,
Starr Lyfe,Other Euro,R&B,,
Starley,Australian/Nz,Pop,,
Stacey Ryan,Other Euro,Pop,,
Spice Girls,Other Euro,Pop,,
Sophie and the Giants,Other Euro,Pop,,
SoMo,Other Euro,R&B,,
Soft Lipa,Mandarin,Pop,,Singer Songwriter
Socrab,Other Euro,Pop,,
Social House,Other Euro,Pop,,
Snoop Dogg,American/Canadian,Hip Hop,,
Snoop Dogg,American/Canadian,Rap,,
Silkk The Shocker,American/Canadian,Rap,,
Silkk The Shocker,American/Canadian,Hip Hop,,
Silence Wang,Mandarin,Pop,,Singer Songwriter
Siente,Other Euro,Pop,,
Shontelle,Latino,Pop,,
Shontelle,Other Euro,Pop,,
Shontelle,,Pop,,
Sheck Wes,Other Euro,Hip Hop,,
Sheck Wes,Other Euro,Rap,,
Shaun,Korean,Pop,,
Shadya Lan,Mandarin,Pop,,Singer Songwriter
SGE Kash,Other Euro,Hip Hop,,
SGE Kash,Other Euro,Rap,,
Serhat Durmus,Other Euro,Pop,,
SERA,Other Euro,Pop,,
Selena Gomez,Other Euro,Pop,,
Sech,Latino,Reggae,,
Sech,Other Euro,Reggae,,
Savage Garden,Other Euro,Pop,,
Sasha Lazard,Other Euro,Pop,,
Sarah Geronimo,Other Euro,Pop,,
Sara Bareilles,Other Euro,Pop,,
Sandee Chan,Mandarin,Pop,,Singer Songwriter
San Holo,Other Euro,Edm,,
Sammy Adams,Other Euro,Pop,,
Sam Tsui,Other Euro,Pop,,
Sam Fischer,Other Euro,Pop,,
salem ilese,Other Euro,Pop,,
S.H.E.,Mandarin,Pop,,
Ryan Mack,Other Euro,Pop,,
Ruel,Other Euro,Pop,,
Royse,Other Euro,Pop,,
Ronghao Li,Mandarin,Pop,,Singer Songwriter
Roger Bart,Other Euro,Other,,
RMR,Other Euro,Hip Hop,,
RMR,Other Euro,Rap,,
Rixton,Other Euro,Pop,,
Rixton,,Pop,,
Rival,Other Euro,Pop,,
Rina Sawayama,Other Euro,Pop,,
Rihanna,Latino,Pop,,
Ricky Hsiao,Mandarin,Pop,,Singer Songwriter
Richard Rodgers,American/Canadian,Other,,
Rich Music LTD,Latino,Hip Hop,,
Rich Music LTD,Latino,Rap,,
Rich Lowe,Other Euro,Pop,,
Rêve,Other Euro,Pop,,
Rene Liu,Mandarin,Pop,,Singer Songwriter
Reggae Stars,Other Euro,Reggae,,
Redfoo,Other Euro,Edm,,
Red Hot Chili Peppers,Other Euro,Rock,,
R-chord,Mandarin,Edm,,Singer Songwriter
Ragged Insomnia,Other Euro,Rock,,
RaeLynn,,Country,,
Rachel Platten,Other Euro,Pop,,
Rachel Platten,,Pop,,
Rachel Morgan Perry,Other Euro,Pop,,
Quongrui,Mandarin,Pop,,
Queena Cui,Mandarin,Pop,,
Queen Nu,Other Euro,Pop,,
Pu Shu,Mandarin,Pop,,Singer Songwriter
PRINS,Other Euro,Pop,,
PRETTYMUCH,Other Euro,Pop,,Boy Band
PRETTYMUCH,Other Euro,Pop,,
Powfu,Other Euro,Pop,,
Plies,Other Euro,Rap,,
Plies,Other Euro,Hip Hop,,
Plain White T's,Other Euro,Pop,,
Pika Chiu,Mandarin,Pop,,Singer Songwriter
Pia Mia,Other Euro,Pop,,
PENTAGON,Korean,Pop,,
Penny Tai,Mandarin,Pop,,Singer Songwriter
Peder B. Helland,Other Euro,Edm,,
Original american Cast of Hamilton,Other Euro,Other,,
ONEUS,Korean,Pop,,
One Direction,Other Euro,Pop,,
One Direction,,Pop,,
Omarion,Other Euro,R&B,,
Olly Murs,,Pop,,
Olly Alexander (Years & Years),Other Euro,Pop,,
Norah Jones,Other Euro,Jazz,,
NoCap,Other Euro,Hip Hop,,
NoCap,Other Euro,Rap,,
Noah Kahan,Other Euro,Folk,,
Kaskade,Other Euro,Edm,,
Hardwell,Other Euro,Edm,,
GRAE,Other Euro,Pop,,
blackbear,Other Euro,Alt Z,,
Noah Cyrus,Other Euro,Alt Z,,
JP Saxe,Other Euro,Alt Z,,
Ashe,Other Euro,Alt Z,,
Besomorph,Other Euro,Alt Z,,
Melanie Martinez,Other Euro,Alt Z,,
BENEE,Other Euro,Alt Z,,
Olivia O'Brien,Other Euro,Alt Z,,
Andi,Other Euro,Alt Z,,
salem ilese,Other Euro,Alt Z,,
carolesdaughter,Other Euro,Alt Z,,
Jeremy Zucker,Other Euro,Alt Z,,
Chloe Adams,Other Euro,Alt Z,,
Clara Mae,Other Euro,Alt Z,,
Holly Humberstone,Other Euro,Alt Z,,
Sasha Alex Sloan,Other Euro,Alt Z,,
Daya,Other Euro,Alt Z,,
AJ Mitchell,Other Euro,Alt Z,,
Delaney Jane,Other Euro,Alt Z,,
Alec Benjamin,Other Euro,Alt Z,,
Bea Miller,Other Euro,Alt Z,,
Hayden James,Other Euro,Edm,,
Normani,Other Euro,R&B,,
Tiësto,Other Euro,Dubstep,,
Tiësto,Other Euro,Edm,,
SHAED,Other Euro,Pop,,
Flux Pavilion,Other Euro,Dubstep,,
J Balvin,Other Euro,Reggae,,
Wale,Other Euro,R&B,,
PARTYNEXTDOOR,Other Euro,R&B,,
Marshmello,Other Euro,Dubstep,,
H.E.R.,Other Euro,R&B,,
DaniLeigh,Other Euro,R&B,,
Jorja Smith,Other Euro,R&B,,
Duke Dumont,Other Euro,Edm,,
Valentino Khan,Other Euro,Dubstep,Brostep,
Karen Harding,Other Euro,Edm,,
Missy Elliott,Other Euro,R&B,,
Ty Dolla $ign,Other Euro,R&B,,
Riton,Other Euro,Edm,,
Snakehips,Other Euro,Pop,,
Skrillex,Other Euro,Pop,,
Cash Cash,Other Euro,Pop,,
David Schultz,Other Euro,Pop,,
Melanie Martinez,Other Euro,Pop,,
Hooverphonic,Other Euro,Pop,,
Robert Mendoza,Other Euro,Pop,,
Sigrid,Other Euro,Pop,,
Jeremy Zucker,Other Euro,Pop,,
Lily Allen,Other Euro,Pop,,
Echosmith,Other Euro,Pop,,
Aaliyah,Other Euro,R&B,,
James Hype,Other Euro,Edm,,
A1 x J1,Other Euro,R&B,,
Elbow,British,Pop,,
TLC,Other Euro,R&B,,
blink-182,Other Euro,Punk,,
Inner Circle,Other Euro,Reggae,,
Lukas Graham,North Euro,Pop,,
Ayumi Hamasaki,Japanese,Pop,,
Michael Kiwanuka,Other Euro,Soul,,
The Offspring,Other Euro,Punk,,
Tame Impala,Other Euro,Alternative Rock,,
The Verve,British,Pop,,
Disclosure,Other Euro,Edm,,
Tiësto,Other Euro,Edm,Electrohouse,
Russ Millions,British,Drill,,
A1 x J1,British,Electronic,Drum And Bass,
Flux Pavilion,British,Electronic,Dubstep,
ILLENIUM,American/Canadian,Electronic,,
Sam Fender,British,Edm,Electrohouse,
Andrew Lloyd Webber,American/Canadian,Classical,Musical Theatre,
Wolfgang Amadeus Mozart,Other Euro,Classical,,
Ludwig van Beethoven,Other Euro,Classical,,
Carl Maria von Weber,Other Euro,Classical,Romantic,
Johann Nepomuk Hummel,Other Euro,Classical,,
Claude Debussy,Other Euro,Classical,Impressionist,
Erik Satie,Other Euro,Classical,Impressionist,
Maria Theresia von Paradis,Other Euro,Classical,,
Joseph Haydn,Other Euro,Classical,,
Gabriel Fauré,Other Euro,Classical,Romantic,
Jules Massenet,Other Euro,Classical,Opera,
Fritz Kreisler,Other Euro,Classical,,
Franz Schubert,Other Euro,Classical,Romantic,
Stormzy,British,Hip Hop,Grime,
The Beach Boys,American/Canadian,Rock,Surf Rock,
Elton John,British,Pop,,
Tom Petty and the Heartbreakers,American/Canadian,Rock,,
Carpenters,American/Canadian,Pop,,
Journey,American/Canadian,Rock,,
Billy Joel,American/Canadian,Pop,,
Billy Ocean,Other,Pop,,
Kenny Loggins,American/Canadian,Pop,Soft Rock,
Heart,American/Canadian,Rock,Hard Rock,
Creedence Clearwater Revival,American/Canadian,Rock,Rock,
Derek & The Dominos,American/Canadian,Rock,,
主唱,Mandarin,Pop,,
Sam Hui,Cantonese,Pop,,
Rosie Carney,British,Pop,Indie Pop,Singer Songwriter
Robert Westenberg,Other Euro,Classical,,
Pyotr Ilyich Tchaikovsky,Other,Classical,Romantic,
Peking Duk,Australian/Nz,Genre Not Found,,
Patti LuPone,American/Canadian,Other,,
Patina Miller,American/Canadian,Other,,
Passenger,British,Folk,,
Party Favor,American/Canadian,Edm,Electrohouse,
Parsa Sirjani,Other,Pop,,
Paramore,American/Canadian,Rock,,
Paloma Faith,British,Pop,Soul,
Paige O'Hara,American/Canadian,Other,,
Pablo de Sarasate,Other Euro,Classical,Romantic,
Ozuna,Latino,Reggae,,
Outlandish,North Euro,Pop,,
Original american Cast of Into the Woods,American/Canadian,Other,,
Original american Cast of Hamilton,American/Canadian,Other,,
Niño Prodigio,Other Euro,Pop,,
Nine Chen,Mandarin,Pop,,Singer Songwriter
Nikolai Rimsky-Korsakov,Other,Classical,Romantic,
Nicky Youre,American/Canadian,Pop,,
Nicky Jam,Latino,Reggae,,
Nick De La Hoyde,Australian/Nz,Edm,Electrohouse,
Neon Trees,American/Canadian,Rock,Indie Rock,
Nea,North Euro,Pop,,
NCT 127,Korean,Pop,,
Naughty By Nature,American/Canadian,Hip Hop,,
Nathaniel Rateliff & The Night Sweats,American/Canadian,Rock,Soul,
Nathan Evans,British,Pop,Sea Shanty,
Natasha Bedingfield,British,Pop,,
Natalie Taylor,American/Canadian,Pop,,
Naiwen Yang,Mandarin,Pop,,Singer Songwriter
Nadia Ali,Other,Electronic,Trance,
Myles Smith,American/Canadian,R&B,R&B,
Muse,British,Rock,Alternative Rock,
Mura Masa,British,Electronic,Electronic,
Mumford & Sons,British,Folk,Indie Folk,
Moon Chew,Mandarin,Pop,,
MONSTA X,Korean,Pop,,
MKTO,American/Canadian,Pop,,
Miyuki Ichijo,Japanese,Pop,,
Misi Ke,Mandarin,Pop,,Singer Songwriter
Milwin,Mandarin,Pop,,
Mike Hawkins,American/Canadian,Pop,,
Michele Morrone,Other Euro,Pop,,
Michael Learns To Rock,North Euro,Pop,,Boy Band
Michael Aldag,American/Canadian,Classical,Classical,
MICAH,American/Canadian,Pop,,
Meryl Streep,American/Canadian,Other,,
Mélanie Laurent,Other Euro,Other,,
Meghan Trainor,American/Canadian,Pop,,
Megan Thee Stallion,American/Canadian,Hip Hop,,
MC Kevinho,Latino,Funk,Funk Carioca,
MAX,American/Canadian,Pop,,
MAX,American/Canadian,Pop,,Singer Songwriter
Mau y Ricky,Latino,Reggae,,
Matzka,Mandarin,Rock,,
Mark Tuan,Mandarin,Pop,,
Mark Mendy,British,Electronic,,
Marc E. Bassy,American/Canadian,R&B,R&B,
Mao Buyi,Mandarin,Pop,,Singer Songwriter
Mandy Moore,American/Canadian,Pop,,
Mandy Moore,American/Canadian,Other,,
ManCub,American/Canadian,Hip Hop,,
Mala Rodríguez,Other Euro,Hip Hop,,
Maia Wright,American/Canadian,Jazz,Jazz,
"Magnus Ericsson,violin Hans-Olov Mellqvist,piano",Other,Classical,,
Mackenzie Mauzy,American/Canadian,Other,,
M2M,North Euro,Pop,,Girl Band
M.I.A.,British,Hip Hop,Electronic,
Lyfes,American/Canadian,Hip Hop,,
Lunay,Latino,Reggae,,
Luke Faulkner,British,Electronic,,
Luh Kel,American/Canadian,Hip Hop,,
Lucy Rose,British,Folk,Indie Folk,Singer Songwriter
Luciano Pavarotti,Other Euro,Classical,Opera,
Lucas WRLD,American/Canadian,Hip Hop,,
Loveboi,American/Canadian,Hip Hop,,
Love Tree,Mandarin,Pop,,
Lorde,Australian/Nz,Pop,Indie Pop,
Loopey,American/Canadian,Electronic,,
Lizzo,American/Canadian,R&B,,
Liv Grace Blue,American/Canadian,Pop,,
Little Mix,British,Pop,,Girl Band
Lin-Manuel Miranda,American/Canadian,Other,,
Lillias White,American/Canadian,Other,,
Lilla Crawford,American/Canadian,Other,,
Lil Wayne,American/Canadian,Hip Hop,,
Lil Dicky,American/Canadian,Hip Hop,,
Lil Baby,American/Canadian,Hip Hop,Trap,
Liaze,American/Canadian,Hip Hop,,
Li Jian,Mandarin,Pop,,Singer Songwriter
Les Misérables Cast,American/Canadian,Other,,
Leonid Rose,Other,Classical,,
Lenny B,American/Canadian,R&B,R&B,
Lena,Other Euro,Pop,,
LEFT.,American/Canadian,Hip Hop,,
Lea Salonga,Other Asian,Other,,
LAYRZ,American/Canadian,Hip Hop,,
Layout,American/Canadian,Hip Hop,,
Laurence Larson,American/Canadian,R&B,R&B,
Lauren Christy,American/Canadian,Pop,,
Laura Fygi,Other Euro,Jazz,,
Lana Del Rey,American/Canadian,Rock,Indie Pop,
LaLa Hsu,Mandarin,Pop,,Singer Songwriter
Lady Gaga,American/Canadian,Pop,,
Labrinth,British,R&B,Soul,
KYLE,American/Canadian,Hip Hop,,
Kurupt,American/Canadian,Hip Hop,Gangsta Rap,
Ku$h Drifter,American/Canadian,Hip Hop,,
Kristian Kostov,Other Euro,Pop,,
Kristen Bell,American/Canadian,Other,,
Koffee,Latino,Reggae,Dancehall,
Kodak Black,American/Canadian,Hip Hop,Trap,
Kings Elliot,American/Canadian,Hip Hop,,
Kina,Other Asian,Pop,,
Kim Kwang Seok,Korean,Pop,,Singer Songwriter
Kim Crosby,American/Canadian,Other,,
Kia Love,American/Canadian,R&B,R&B,
Kenneth Lim 林秉材,Mandarin,Pop,,
Kenji Wu,Mandarin,Pop,,Singer Songwriter
Kendrick Lamar,American/Canadian,Hip Hop,,
Kendra Logozar,American/Canadian,Pop,,
Kelly Rowland,American/Canadian,R&B,R&B,
Kelly Clarkson,American/Canadian,Pop,,
Keira Knightley,British,Other,,
Keenan,American/Canadian,R&B,R&B,
KCee,Afro,Pop,Afrobeats,
Kay Tse,Cantonese,Pop,,
Kato,Japanese,Pop,,
Kary Ng,Cantonese,Pop,,
K6劉家凱,Mandarin,Pop,,
JVKE,American/Canadian,Pop,Indie Pop,
Justina Valentine,American/Canadian,Hip Hop,,
Justin Morelli,American/Canadian,Pop,,
Jung Yong Hwa,Korean,Pop,,
Julia Lester,American/Canadian,Other,,
JP Saxe,American/Canadian,Pop,Indie Pop,
Josh Groban,American/Canadian,Pop,Classical Crossover,
Jordin Sparks,American/Canadian,Pop,R&B,
Jordan Parker,American/Canadian,Pop,,
Jonathan Lee,Mandarin,Pop,,Singer Songwriter
Jonathan Lee,Mandarin,Pop,,
JoJo,American/Canadian,Pop,R&B,
Joji,Japanese,R&B,Indie R&B,
Joi Chua,Mandarin,Pop,,Singer Songwriter
Johnny Depp,American/Canadian,Other,,
John Williams,American/Canadian,Classical,Film Score,
John Travolta,American/Canadian,Other,,
Johannes Brahms,Other Euro,Classical,Romantic,
Johann Sebastian Bach,Other Euro,Classical,Baroque,
Johann Nepomuk Hummel,Other Euro,Classical,Classical,
JoFes SkillzMen,American/Canadian,Edm,Electrohouse,
Joep Beving,Other Euro,Classical,,
Jodi Benson,American/Canadian,Other,,
Joanna Wang,Mandarin,Pop,,Singer Songwriter
Joanna Riding,British,Other,,
Joanna Gleason,American/Canadian,Other,,
JKING,Mandarin,Pop,,
JJ Project,Korean,Pop,,
Jinny Ng,Cantonese,Pop,,
Jin Hai Xin,Mandarin,Pop,,Singer Songwriter
Jesse McCartney,American/Canadian,Pop,,
Jerry Goldsmith,American/Canadian,Classical,Film Score,
Jenny Yang,Mandarin,Pop,,
Jennifer Hudson,American/Canadian,R&B,R&B,
Jef Martens,Other Euro,Electronic,,
JAY-Z,American/Canadian,Hip Hop,,
Jay Sean,British,R&B,Bhangra,
Jay Samson,American/Canadian,Hip Hop,,
Jay Park,Korean,Pop,,
Jason Weaver,American/Canadian,R&B,R&B,
Jason Mraz,American/Canadian,Pop,,
James TW,British,Pop,,Singer Songwriter
James Hype,British,Electronic,,
Jamaica Sweet,Latino,Reggae,,
Jake Miller,American/Canadian,Pop,,
Jake Cooper,American/Canadian,Pop,,
Jacques Ibert,Other Euro,Classical,Classical,
Jackson Wang,Mandarin,Pop,,
Jace Alexander Casey,American/Canadian,Electronic,,
J.Williams,American/Canadian,Edm,Electrohouse,
J.Sheon,Mandarin,Pop,,Singer Songwriter
J. Cole,American/Canadian,Hip Hop,,
Iyaz,Latino,R&B,,
Ismuki,Other Asian,Pop,,
Isla-Maria,American/Canadian,Pop,,
Imagine Dragons,American/Canadian,Alternative Rock,Indie Rock,
ILIRA,Other Euro,Pop,,
Ilan Eshkeri,British,Classical,Film Score,
Il Divo,Other,Pop,,
Idina Menzel,American/Canadian,Other,,
IBE,American/Canadian,Electronic,,Singer Songwriter
iamnotshane,American/Canadian,Rock,Indie Rock,
Hypaton,American/Canadian,Electronic,,
HUSH,Mandarin,Pop,,Singer Songwriter
Hugh Grant,British,Other,,
Huang Xiao Feng,Mandarin,Pop,,
Hozier,British,Folk,Indie Folk,Singer Songwriter
Hozier,British,Folk,Indie Folk,
Hot Chelle Rae,American/Canadian,Pop,,
Homson,Mandarin,Pop,,
Holly Humberstone,British,Pop,Indie Pop,
HOBIN ROOD,Mandarin,Pop,,
Hiromi Go,Japanese,Pop,,
Hayden James,Australian/Nz,Edm,Electrohouse,
Hassan El Shafei,Arabic,Pop,,
Hardwell,Other Euro,Edm,Electrohouse,
Hao Yun,Mandarin,Pop,,Singer Songwriter
Hanson,American/Canadian,Pop,,
Hannah Montana,American/Canadian,Pop,,
Halsey,American/Canadian,Pop,Alternative Pop,
Guy Tang,American/Canadian,Other,,
greisun,American/Canadian,Pop,,
Green Day,American/Canadian,Punk,Punk Rock,
Grasshopper,Japanese,Pop,,
Grady Guan,Mandarin,Pop,,Singer Songwriter
GOT8,Korean,Pop,,
GOT7,Korean,Pop,,
Gooney Jib,American/Canadian,Electronic,,
Gloria Estefan,Latino,Pop,,
Glockenbach,Other Euro,Edm,Electrohouse,
Glenn Close,American/Canadian,Other,,
Glass Animals,British,Rock,Indie Rock,
Glades,Australian/Nz,Rock,Indie Rock,
Ginga金甲,Mandarin,Pop,,
Giant Rooks,Other Euro,Rock,Indie Rock,
George Gershwin,American/Canadian,Classical,Jazz,
George Frideric Handel,Other Euro,Classical,Baroque,
George Ezra,British,Folk,Indie Folk,Singer Songwriter
GASHI,Other Euro,Hip Hop,,
Gary Lightbody,British,Rock,,Singer Songwriter
GAB,American/Canadian,R&B,R&B,
G.R.L.,American/Canadian,Pop,,Girl Band
fun.,American/Canadian,Rock,Indie Rock,
Frederico,Latino,Funk,Funk Carioca,
Frédéric Chopin,Other Euro,Classical,Romantic,
Francine Leblanc,American/Canadian,Pop,,
Fourfive,American/Canadian,Electronic,,
Foster The People,American/Canadian,Rock,Indie Rock,
Fly By Midnight,American/Canadian,Pop,,Singer Songwriter
Florian Picasso,Other Euro,Electronic,,
Flight,American/Canadian,Electronic,,
Flanør,American/Canadian,Rock,Indie Rock,
FLAMEBORN,American/Canadian,Electronic,,
FKP,British,Electronic,Drum And Bass,
Finn Askew,British,Electronic,Drum And Bass,
Fifth Harmony,American/Canadian,Pop,,Girl Band
Feng Ze,Mandarin,Pop,,Singer Songwriter
Felly,American/Canadian,Hip Hop,,
Felix Mendelssohn,Other Euro,Classical,Romantic,
Fang Wu,Mandarin,Pop,,Singer Songwriter
Fall Out Boy,American/Canadian,Pop,Pop Punk,
Eve Ai,Mandarin,Pop,,Singer Songwriter
Evan Yo,Mandarin,Pop,,Singer Songwriter
Jacob David,American/Canadian,R&B,R&B,
Ana Olgica,Other,Pop,,
Jordane Tumarinson,Other Euro,Pop,,
Max Richter,British,Classical,Classical,
Evan Rachel Wood,American/Canadian,Other,,
Eric Nam,Korean,Pop,,
Major Lazer,American/Canadian,Electronic,,
Eri Ito,Japanese,Pop,,
Era Istrefi,Other,Pop,,
Enya,British,Other,New-Age,
Enno Cheng,Mandarin,Pop,,Singer Songwriter
en,American/Canadian,Genre Not Found,,
Emily Blunt,British,Other,Other,
Flux Pavilion,British,Electronic,Electronic,
DJ Katch,American/Canadian,Electronic,Electronic,
HAIM,American/Canadian,Rock,Rock,
Morgan Sulele,British,Pop,,
Roddy Ricch,American/Canadian,Hip Hop,,
Edward Elgar,American/Canadian,Classical,Classical,
CÄHN,Other Euro,Edm,,
Eddie Vedder,American/Canadian,Rock,Rock,
Flipp Dinero,American/Canadian,Hip Hop,,
Echosmith,American/Canadian,Rock,Rock,
Chance the Rapper,American/Canadian,Hip Hop,,
Kranium,Latino,Dancehall,Dancehall,
Touch Sensitive,Australian/Nz,Edm,,
Valentino Khan,American/Canadian,Electronic,Electronic,
Ty Dolla $ign,American/Canadian,R&B,R&B,
Earthquake Lights,American/Canadian,Electronic,Electronic,
Skrillex,American/Canadian,Electronic,Electronic,
CamelPhat,British,Electronic,Electronic,
Lil Uzi Vert,American/Canadian,Hip Hop,,
Bag Raiders,Australian/Nz,Edm,,
SAYGRACE,American/Canadian,Pop,,
Matt Cardle,British,Pop,,
DubVision,Other Euro,Edm,,
Alicia Keys,American/Canadian,R&B,R&B,
San Holo,Other Euro,Electronic,Electronic,
Jax Jones,British,Electronic,Electronic,
SZA,American/Canadian,R&B,R&B,
Dub Vibrations,American/Canadian,Electronic,Electronic,
D-Slugga,Latino,Dancehall,Dancehall,
Doris Day,American/Canadian,Pop,,
Sean Paul,Latino,Dancehall,Dancehall,
Bad Bunny,Latino,Reggae,,
Lil Keed,American/Canadian,Hip Hop,,
康然,Mandarin,Pop,,
Berlioz,Other Euro,Classical,Classical,
Donny Osmond,American/Canadian,Pop,,
Dominic Fike,American/Canadian,Rock,Rock,
Isobel Waller-Bridge,British,Other,Other,
Thomasine Robinson,British,Other,Other,
Olivia Belli,American/Canadian,Pop,,
Lil Tecca,American/Canadian,Hip Hop,,
Jeremih,American/Canadian,R&B,R&B,
Blueface,American/Canadian,Hip Hop,,
Trippie Redd,American/Canadian,Hip Hop,,
Kehlani,American/Canadian,R&B,R&B,
Barney,American/Canadian,Other,Other,
Dmitri Shostakovich,Other,Classical,Classical,
DJ Snake,Other Euro,Edm,,
Rebour,American/Canadian,Electronic,Electronic,
Kari Bin,American/Canadian,Pop,,
DJ Paul,American/Canadian,Hip Hop,,
Chimbala,Latino,Dembow,Dembow,
Jhené Aiko,American/Canadian,R&B,R&B,
DJ Discretion,American/Canadian,Other,Other,
Aqua,North Euro,Pop,,
Summer Walker,American/Canadian,R&B,R&B,
Dimitri Vegas & Like Mike,Other Euro,Electronic,Electronic,
Dillon Francis,American/Canadian,Electronic,Electronic,
Quando Rondo,American/Canadian,Hip Hop,,
Keyshia Cole,American/Canadian,R&B,R&B,
A Boogie Wit da Hoodie,American/Canadian,Hip Hop,,
Brandz,American/Canadian,Hip Hop,,
Dice Soho,American/Canadian,Hip Hop,,
Deserts Chang,Mandarin,Pop,,Singer Songwriter
Dennis Lloyd,British,Pop,,
Deep Jandu,Other Asian,Pop,,
DAY6,Korean,Pop,,
Bastille,British,Rock,Rock,
fun.,American/Canadian,Rock,Rock,
Dexta Daps,Latino,Dancehall,Dancehall,
Burna Boy,Afro,Other,Other,
Gyptian,Latino,Reggae,,
Day Sulan,Mandarin,Pop,,
Mike WiLL Made-It,American/Canadian,Other,Producer,
Dawin,American/Canadian,Pop,,
Kit Chan,Cantonese,Pop,,
Sleepy Times,Mandarin,Pop,,
Gunna,American/Canadian,Hip Hop,,
August Alsina,American/Canadian,R&B,R&B,
Besomorph,British,Electronic,Electronic,
Swae Lee,American/Canadian,Hip Hop,,
David Tao,Mandarin,Pop,,Singer Songwriter
Henry Smith,American/Canadian,Classical,Classical,
RPM (Relaxing Piano Music),American/Canadian,Classical,Classical,
Leonid Rose,Other,Classical,Classical,
David Patrick Kelly,American/Canadian,Other,Other,
David Kushner,American/Canadian,Pop,,
David Guetta,Other Euro,Edm,,
Despotem,Other Euro,Pop,,
PnB Rock,American/Canadian,Hip Hop,,
David Archuleta,American/Canadian,Pop,,
Eric Bellinger,American/Canadian,R&B,R&B,
Dave Ramone,American/Canadian,Hip Hop,,
Daryl Ong,Other Asian,Pop,,
Rich The Kid,American/Canadian,Hip Hop,,
Sleepy John,American/Canadian,Blues,Blues,
Miracle Tones,American/Canadian,Pop,,
Lil Yachty,American/Canadian,Hip Hop,,
Alex Sensation,Latino,Reggae,,
Dany Neville,American/Canadian,Pop,,
Trey Songz,American/Canadian,R&B,R&B,
Omarion,American/Canadian,R&B,R&B,
SoMo,American/Canadian,R&B,R&B,
DaniLeigh,American/Canadian,R&B,R&B,
Sech,Other,Reggae,,
Party Favor,American/Canadian,Electronic,Electronic,
Danielle Ferland,American/Canadian,Pop,,
The Saturdays,British,Pop,,
Internet Money,American/Canadian,Other,Producer,
Hooverphonic,Other Euro,Electronic,Electronic,
Daniel Huttlestone,British,Other,Other,
Glades,Australian/Nz,Rock,Rock,
Thomston,Australian/Nz,Pop,,
Dan McKinna,British,Electronic,Electronic,
d4vd,American/Canadian,Pop,,
Wolfgang Amadeus Mozart,Other Euro,Classical,Classical,
Crowd Lu,Mandarin,Pop,,Singer Songwriter
Connor Price,American/Canadian,Pop,,
Antonín Dvořák,Other Euro,Classical,Classical,
Claude Debussy,Other Euro,Classical,Classical,
Erik Satie,Other Euro,Classical,Classical,
Joep Beving,Other Euro,Classical,Classical,
Camille Saint-Saëns,Other Euro,Classical,Classical,
Charles Gounod,Other Euro,Classical,Classical,
Joseph Haydn,Other Euro,Classical,Classical,
John Williams,American/Canadian,Classical,Classical,
Gabriel Fauré,Other Euro,Classical,Classical,
Jules Massenet,Other Euro,Classical,Classical,
César Franck,Other Euro,Classical,Classical,
Pyotr Ilyich Tchaikovsky,Other,Classical,Classical,
Nikolai Rimsky-Korsakov,Other,Classical,Classical,
Pablo de Sarasate,Other Euro,Classical,Classical,
Manuel de Falla,Other Euro,Classical,Classical,
Fritz Kreisler,Other Euro,Classical,Classical,
Franz Schubert,Other Euro,Classical,Classical,
Frédéric Chopin,Other Euro,Classical,Classical,
Confetti,American/Canadian,Pop,,
Bob Dylan,American/Canadian,Rock,Rock,
Conan Gray,American/Canadian,Pop,,
Company - Into the Woods (Motion Picture Cast),American/Canadian,Other,Other,
Cole Thompson,American/Canadian,Pop,,
Coldplay,British,Alternative Rock,Alternative Rock,
Coi Leray,American/Canadian,Hip Hop,,
Paraskevas Grekis,Other Euro,Pop,,
Moods,American/Canadian,Edm,,
CNCO,Latino,Pop,,Boy Band
ClockClock,American/Canadian,Electronic,Electronic,
CLiQ,American/Canadian,Hip Hop,,
Ciara,American/Canadian,R&B,R&B,
Union J,British,Pop,,
Chunho,Mandarin,Pop,,
Chris Webby,American/Canadian,Hip Hop,,
Chris Pine,American/Canadian,Other,Other,
Chri$tian Gate$,American/Canadian,Hip Hop,,
Chloe George,British,Pop,,
Chip Zien,American/Canadian,Other,Other,
Chini,Mandarin,Pop,,
Chih Siou,Mandarin,Pop,,Singer Songwriter
Cher Lloyd,British,Pop,,
Cheer Chen,Mandarin,Pop,,Singer Songwriter
charlieonnafriday,American/Canadian,Pop,,
Chantel Jeffries,American/Canadian,Pop,,
Celtic Woman,British,Classical,Classical,
Céline Aubin,American/Canadian,Pop,,
Cast Of Rent,American/Canadian,Other,Other,
Carrie Underwood,American/Canadian,Country,Country,
Candy Tang Guo 唐果,Mandarin,Pop,,
Camo Columbo,American/Canadian,Hip Hop,,
Calvin Harris,British,Edm,,
Calculasian,American/Canadian,Electronic,Electronic,
CADMIUM,American/Canadian,Electronic,Electronic,
Byejack,American/Canadian,Electronic,Electronic,
Sara Bareilles,American/Canadian,Pop,,
Brothers,British,Electronic,Electronic,
Imogen Heap,British,Electronic,Electronic,
BROCKHAMPTON,American/Canadian,Hip Hop,,
Bridgit Mendler,American/Canadian,Pop,,
BRELAND,American/Canadian,Country,Country,
Glass Animals,British,Rock,Rock,
Brad Kane,American/Canadian,Other,Other,
Kyu Sakamoto,Japanese,Pop,,
Boyz II Men,American/Canadian,R&B,R&B,
Boon Hui Lu,Mandarin,Pop,,Singer Songwriter
Bobby Chen,Mandarin,Pop,,Singer Songwriter
Jerry Goldsmith,American/Canadian,Classical,Classical,
Blueping,Mandarin,Pop,,
Blue Ivy,American/Canadian,Hip Hop,,
blink-182,American/Canadian,Pop,,
Against The Current,American/Canadian,Pop,,
Cordae,American/Canadian,Hip Hop,,
Blake Shelton,American/Canadian,Country,Country,
Miguel,American/Canadian,R&B,R&B,
Saint Chaos,American/Canadian,Electronic,Electronic,
Thomas Newman,American/Canadian,Classical,Classical,
112,American/Canadian,R&B,R&B,
Bob Marley & The Wailers,Latino,Reggae,,
Billie Eilish,American/Canadian,Pop,,
Big Time Rush,American/Canadian,Pop,,
"Earth, Wind & Fire",American/Canadian,Funk,,
The Wailers,Latino,Reggae,,
Bette Midler,American/Canadian,Other,Other,
Bob Marley,Latino,Reggae,,
Berre,Other Euro,Edm,,
Tapper Zukie,Latino,Reggae,,
Bernadette Peters,American/Canadian,Other,Other,
Paramore,American/Canadian,Rock,Rock,
Portugal. The Man,American/Canadian,Rock,Rock,
Benzz,American/Canadian,Hip Hop,,
Benson Boone,American/Canadian,Pop,,
Ben Wright,American/Canadian,Pop,,
Ben Rector,American/Canadian,Pop,,
Beloved Melodies,American/Canadian,Classical,Classical,
Before You Exit,American/Canadian,Pop,,
Bea Miller,American/Canadian,Pop,,
Jacob Tillberg,North Euro,Pop,,
Leona Lewis,British,Pop,,
Restricted,American/Canadian,Electronic,Electronic,
Backstreet Boys,American/Canadian,Pop,,
Bach/Gounod,Other,Classical,Classical,
Austin Mahone,American/Canadian,Pop,,
Auli'i Cravalho,American/Canadian,Other,Other,
ATEEZ,Korean,Pop,,
A-Sun,Mandarin,Pop,,Singer Songwriter
Astro Bunny,American/Canadian,Electronic,Electronic,
Asil Türkmen,Other,Pop,,
Arizona Zervas,American/Canadian,Pop,,
The National,American/Canadian,Rock,Rock,
Anna Kendrick,American/Canadian,Other,Other,
Andy Grammer,American/Canadian,Pop,,
Andrew Lloyd Webber,American/Canadian,Classical,Classical,
american Dubs,American/Canadian,Dubstep,Dubstep,
Amanda Seyfried,American/Canadian,Other,Other,
Ronan Keating,British,Pop,,
Alex Goot,American/Canadian,Pop,,
Alex & Sierra,American/Canadian,Pop,,
Alessia Cara,American/Canadian,Pop,R&B,
Alec Benjamin,American/Canadian,Pop,Indie Pop,
Alberto Guillermo Lavorano,Other Euro,Classical,Classical,
Alan Menken,American/Canadian,Classical,Musical Theatre,
AJR,American/Canadian,Pop,Indie Pop,
AJ Moreno,American/Canadian,Hip Hop,,
AJ Mitchell,American/Canadian,Pop,,
AFROJACK,Other Euro,Edm,Electrohouse,
Aerica Gabriella,American/Canadian,R&B,R&B,
Adeena,American/Canadian,Pop,,
Adam Turley,American/Canadian,Pop,,
Adam Pascal,American/Canadian,Other,,
Adam Cheng,Cantonese,Pop,,
Smokepurpp,American/Canadian,Hip Hop,,
Ada Zhuang,Mandarin,Pop,,Singer Songwriter
Acoustic Vibe,American/Canadian,Electronic,,
Aaron Tveit,American/Canadian,Other,,
Aaliyah,American/Canadian,R&B,R&B,
Owl City,American/Canadian,Pop,Indie Pop,
A Great Big World,American/Canadian,Pop,,
98º,American/Canadian,Pop,,Boy Band
88rising,American/Canadian,Hip Hop,,
2 Man Embassy,American/Canadian,Electronic,,
‘Into The Woods’ 2022 american Cast,American/Canadian,Other,,
The Offspring,American/Canadian,Rock,Punk Rock,
The Verve,British,Rock,,
Disclosure,British,Electronic,House,
Diplo,American/Canadian,Electronic,,
*NSYNC,American/Canadian,Pop,,Boy Band
$tupid Young,American/Canadian,Hip Hop,,
